title,author,genre,pub_date,isbn,series,recommended
Pattern free year career kind.,Mark Harrington,Sci-Fi,1971-10-21,978-1-888881-91-2,,Yes
,Mark Anderson,Fiction,1977-12-26,978-0-8108-2350-1,,Yes
Police Congress again.,Ryan Vasquez,Sci-Fi,1986-05-30,978-0-238-43309-2,,
Affect artist strategy.,Shane Long,Sci-Fi,1992-11-10,978-1-08-850469-7,rise,Yes
Send structure rate site strategy.,Tyler Hardy,Non-Fiction,32-13-2020,978-1-56957-592-5,,
Mrs foreign standard return.,Sarah Lindsey,Fantasy,2003-12-02,978-1-179-45193-0,,
Game early present family.,Brent Thompson,Romance,1993-09-22,978-1-898296-97-3,,
Hospital power civil.,Jacqueline Velazquez,Sci-Fi,1984-01-28,978-1-68869-380-7,,Yes
Brother task identify company.,Yvonne Floyd,Non-Fiction,1971-09-09,978-0-662-04542-7,,
,John Sullivan,Unknown,2007-03-04,978-0-10-397165-0,,No
Perform song him actually.,Daniel Gill,Romance,1987-03-23,978-1-71624-461-2,,No
Half difficult rather.,Maria Graves,Sci-Fi,2001-02-24,978-1-143-20227-8,,
Factor no cost herself.,Cindy Arnold,Non-Fiction,1979-05-01,978-0-03-839562-0,,No
Hear dark summer.,Tracy Robinson,Non-Fiction,32-13-2020,INVALID,,
Be tough federal.,David Newman,Romance,1985-04-12,978-0-06-529873-4,,
The oil reason.,,Mystery,1984-04-11,978-1-81798-868-2,,
Important drop huge.,Destiny Thomas,Fiction,1989-10-24,978-0-9768344-7-2,,
Movie drive sense.,Cynthia Cohen,Fiction,32-13-2020,978-1-358-14648-0,,No
Move window population meet.,Richard Scott,Mystery,2011-03-29,978-0-600-16474-6,,No
Exist than.,Erica Butler,Romance,2015-10-07,978-0-362-27120-1,just,Yes
Life too walk.,Crystal Bryant,Fiction,1986-04-29,978-1-69061-186-8,,
Ask debate Mr trade performance.,Michael Munoz,Romance,1975-03-27,978-1-71816-485-7,,No
Letter fall owner care main.,Becky Thomas,Non-Fiction,2001-06-11,978-1-70951-642-9,,No
Table animal rate right out.,Richard Gonzalez,Romance,1986-02-13,978-0-03-810909-8,,Yes
Region song.,Richard Lopez,Fantasy,2021-07-20,978-1-62887-984-1,,
East nature bed agent.,Julie Todd,Sci-Fi,2024-07-08,978-1-893795-84-6,,
Sea those central.,Jeffrey Simpson,Fantasy,2004-02-10,978-1-81775-442-3,,Yes
Successful tend by.,Charles Davis,Romance,32-13-2020,978-1-08-072819-0,,Yes
Last number cut.,Kevin Wilson,Sci-Fi,1992-08-04,978-1-941540-90-9,land,Yes
Half phone happy.,Denise Brown MD,Mystery,2015-04-29,978-0-9531274-7-4,,No
Range information.,Nancy Richards,Non-Fiction,1983-08-03,978-0-233-53255-4,,Yes
Huge concern after.,Joshua Frye,Non-Fiction,1991-09-04,978-0-463-45002-4,past,Yes
Man prevent fill thus.,Nicole Rodriguez,Romance,1986-03-05,INVALID,,
Page single.,Vanessa Cantrell,Mystery,1984-05-27,978-0-07-894965-4,,Yes
,James Escobar,Fiction,2009-09-30,978-0-7293-2970-5,,Yes
Member during shoulder husband occur.,Carol Carter,Fiction,2000-11-29,978-0-9778439-6-1,,
Bit section easy perform that.,Jeffrey Williams,Sci-Fi,2009-03-25,978-0-9797020-9-9,,No
Listen attorney something.,Terri Martin,Fiction,2000-09-07,978-0-392-35893-4,seven,Yes
Know time.,Scott Mccarthy,Mystery,2005-08-20,978-0-8302-3315-1,,Yes
Doctor boy from.,Angela Maldonado,Sci-Fi,1993-06-20,978-0-540-68301-7,,Yes
Strategy rise space always.,Ms. Ebony Hampton,Mystery,1977-02-13,978-1-315-16588-2,,Yes
Beat prevent director issue which.,Edgar Chambers,Sci-Fi,2013-11-22,978-0-8250-5092-3,,Yes
Thing somebody.,Samuel Ross,Mystery,1986-02-11,978-1-02-767529-7,,Yes
Travel majority think success deep.,Michael Williams,Sci-Fi,2002-12-12,978-1-62627-980-3,space,Yes
College wife media let.,Samantha Hicks,Fiction,1976-08-08,978-1-71066-589-5,,No
Government cultural meet light.,Erik Russell,Fantasy,2008-01-17,INVALID,,Yes
Body wrong possible.,Brenda Delgado,Mystery,2012-11-05,978-0-7937-1812-2,,No
Already painting.,Edward Anderson,Sci-Fi,1971-12-07,978-0-343-06028-2,,
Focus society machine.,Matthew Hawkins,Fiction,2014-03-26,978-1-03-472589-3,bring,Yes
Put turn firm.,Mr. Michael Smith,Fantasy,1990-12-22,978-1-5311-6348-8,,
Page official middle help.,Desiree Rice,Fiction,2002-11-26,978-1-73084-800-1,,No
Past attention.,Brian Molina,Fiction,1976-04-15,978-0-7913-1944-4,those,
Worker because.,David Goodman,Sci-Fi,2003-05-06,978-1-4414-6592-4,,
Wrong effect series.,Drew Walker,Non-Fiction,2006-05-25,978-1-380-89659-9,social,
Former talk south already put.,Francisco Orr,Fantasy,1988-12-14,978-1-114-25415-2,gas,Yes
Sea yeah significant.,Linda White,Romance,32-13-2020,978-1-71556-507-7,,No
Stand election treatment.,Anne Hebert,Romance,1981-08-01,978-1-74266-909-0,,Yes
Raise be later.,Joseph Chavez,Fantasy,1991-05-27,978-0-7324-2655-2,,No
Art start well.,Alexis Monroe,Sci-Fi,2001-11-01,978-1-286-51400-9,,Yes
Discuss win.,Sara Nelson,Mystery,2016-09-29,978-0-09-848788-4,,Yes
Language buy happen everything these.,Thomas Schneider MD,Non-Fiction,1979-02-16,978-1-918346-64-0,,No
Weight contain strong hundred you.,Gina Morse,Romance,2004-11-17,978-0-8464-0419-4,,Yes
General company leave.,Joseph Garcia,Fiction,1979-09-04,978-0-05-142334-8,,
Movie buy art.,Judith Campbell,Fantasy,32-13-2020,978-0-87480-771-4,,
They operation but center.,Lisa Williams,Sci-Fi,2024-05-04,978-0-9647717-5-8,,Yes
Well blue.,Jonathan Sanders,Fiction,2006-06-12,978-1-58092-337-8,along,
Note close.,Lauren Haas,Mystery,1981-05-14,978-0-372-74803-8,,Yes
Receive present help stock.,Allison Cunningham,Sci-Fi,2013-08-29,978-0-8122-1168-9,,Yes
Dog believe tell apply drop.,Douglas Kennedy,Non-Fiction,1977-05-16,978-1-71301-894-0,,
Nature enjoy court smile opportunity.,Ebony Sparks,Fantasy,1972-05-10,978-0-685-45605-7,,No
Structure degree ahead weight.,Elizabeth Davis,Non-Fiction,2024-07-29,978-0-01-572327-9,,
Offer prevent their.,Kristen Anderson,Fiction,1996-04-18,978-0-487-93078-6,close,
Effort type success.,Priscilla Powell,Fantasy,2006-09-02,978-0-599-85688-2,significant,Yes
Theory one democratic.,Sarah Kemp,Fiction,1989-08-28,978-1-05-643259-5,,Yes
Song reduce star.,Gregory Dunn,Fiction,32-13-2020,978-1-163-67688-2,,
Trade team region indicate.,Kurt Gardner,Romance,2000-09-19,978-1-74282-090-3,,
Want old game.,Amy Simpson,Sci-Fi,2010-01-26,978-0-7890-1607-2,,No
Seven fill.,Stephanie Randolph,Romance,2009-05-17,978-0-7813-2124-2,,
Turn now movement wall.,Randy Cantrell,Sci-Fi,2024-08-26,978-0-87901-429-2,,
Exist to win.,Nicole Nelson,Fiction,32-13-2020,978-1-964912-17-2,,
Sign medical little professional already.,Douglas Walton,Romance,32-13-2020,978-1-70328-336-5,next,
Final else.,John Oconnell,Romance,1974-04-09,978-0-237-98426-7,,
Page region common action.,Carlos Bowen,Sci-Fi,32-13-2020,978-1-59634-675-8,,Yes
Until return ready behind.,Aaron York,Mystery,1990-10-28,978-1-924118-92-7,,No
Choice form research street experience.,Stephanie Case,Romance,1991-07-26,978-1-4228-2680-5,every,No
,Andre Garcia,Sci-Fi,1970-03-12,978-0-614-42941-1,,Yes
Finally organization guess think.,Dakota Woods,Fantasy,2000-04-01,978-0-86008-689-5,rise,No
Whom work interesting teacher.,Chad Smith,Fantasy,1972-05-01,978-1-879837-90-4,,
Sell individual.,Chad Peterson,Romance,2005-05-28,978-0-911082-04-3,,
Pressure brother my.,Melissa Phillips,Non-Fiction,1979-02-18,978-1-997541-49-3,,No
Author specific Mrs.,Mrs. Lisa Dixon,Fiction,2018-09-10,978-0-19-668295-2,,No
Everything around close.,Eric Garza,Romance,32-13-2020,978-1-918549-22-5,,No
Contain democratic fall form offer.,Sara Ramirez,Fiction,1981-12-22,978-0-7003-4818-3,,
Much within or film.,Ricardo Johnson,Fantasy,2010-12-02,978-0-15-361315-9,,No
Worker happy them base.,Denise Mitchell,Romance,1988-02-22,978-0-625-57143-7,,
Be prevent itself produce cultural.,Robin Wiggins,Fantasy,2017-09-23,978-0-536-04007-7,,No
Two marriage top several store.,James Woods,Sci-Fi,2000-06-12,978-1-7380382-9-9,,No
Opportunity college next why.,Teresa Best DDS,Fiction,1991-09-18,978-1-75759-498-1,,
Despite ready character people.,Evelyn Williams,Romance,2021-04-30,978-1-358-46122-4,,Yes
Wish movie.,Nathan Morris,Non-Fiction,1987-11-27,978-0-18-331621-1,check,Yes
Join Congress.,Jonathan Middleton,Non-Fiction,1993-07-09,INVALID,,Yes
Discover record hair them.,Sharon Church,Fantasy,1987-10-02,978-0-8276-4027-6,message,No
Over sound late.,Ryan White,Non-Fiction,2002-06-16,978-0-587-92867-6,how,Yes
Leg once someone.,Daniel Austin,Romance,2002-11-14,978-1-4506-2317-9,,
Blue before black.,,Sci-Fi,1973-06-17,978-0-609-06878-6,believe,Yes
However serve short continue.,Robert Gomez,Mystery,1995-02-28,978-1-4074-1602-1,,
Detail company suffer floor above.,Carol Parker,Fantasy,2023-06-11,978-1-09-569815-0,receive,Yes
,Jennifer King,Fiction,1971-03-06,INVALID,,
Republican manage question Republican fish.,Johnathan Turner,Mystery,1972-08-06,INVALID,,Yes
Consider he staff.,James Henderson,Fiction,1988-08-06,978-1-305-15294-6,,Yes
Dinner necessary.,Terri Christensen,Fiction,1986-11-05,978-1-82616-738-2,,Yes
Against bill.,Hannah Johnston,Non-Fiction,32-13-2020,978-1-257-99618-6,significant,
Teach total artist little military.,Patrick Summers,Fiction,1985-09-04,978-0-510-94927-3,,
Stand chair.,Natalie Perry,Romance,1974-05-04,978-0-86599-877-3,,No
Name development two.,Lauren Carroll,Non-Fiction,1992-05-10,978-0-8306-6085-8,,Yes
Guy drop thus away.,Jessica Fletcher,Fiction,1984-02-03,978-1-153-00205-9,,
Artist another.,Alexandra Jones,Romance,1981-06-22,978-0-302-34420-0,,
Assume stay could whom.,Gary Ayala,Sci-Fi,1973-06-07,INVALID,,Yes
Rule future measure.,Michele Neal,Non-Fiction,2012-06-18,978-0-14-392178-3,still,
Could option guess.,Pamela Joseph,Mystery,1976-06-28,978-0-901883-26-1,,Yes
Form group pay owner to.,Melissa Simmons,Sci-Fi,2019-10-28,978-0-236-24797-4,issue,
Standard free into Mr view.,Rebecca Alexander,Mystery,2016-04-27,978-0-920279-73-1,bar,Yes
Science job edge.,Beth Cook,Sci-Fi,1990-09-01,978-0-639-49232-2,,No
Risk buy baby response city.,Mark Nichols,Fiction,2025-02-04,978-0-518-59588-5,,Yes
Of policy close yourself value.,Austin Hamilton,Romance,2002-10-16,978-0-11-339694-8,,No
There once he first.,Samuel Medina,Fiction,1988-12-01,978-1-256-28618-9,,No
Necessary fast.,Lisa Woodward,Non-Fiction,32-13-2020,978-0-294-30908-9,,No
American add almost.,Darren Moore,Non-Fiction,1988-07-10,978-0-699-19314-6,,
,Steven Houston,Fantasy,1979-02-02,978-0-229-95139-0,low,No
Which authority opportunity.,Sheri Parker,Mystery,32-13-2020,978-1-75391-927-6,,No
Radio him.,Joseph Hunt,Sci-Fi,32-13-2020,978-0-9605130-2-4,,Yes
Stop focus throw determine.,Spencer Alvarez,Romance,32-13-2020,INVALID,leg,Yes
Off onto nearly under stay.,Christine Mora,Mystery,2003-02-03,978-0-591-30874-7,choice,Yes
Enter just.,Karen Jenkins,Fiction,1978-08-12,978-1-09-658636-4,baby,
Issue movement west generation.,Monica Carey,Fantasy,2021-12-14,978-0-05-362626-6,,
Somebody ago only particular.,Donald Mclean,Mystery,2017-04-17,978-0-458-65137-5,,No
Tend visit picture should.,Ronnie Banks,Non-Fiction,2009-04-02,978-0-9634560-9-0,,No
Defense high community.,Gregory Allen,Romance,1990-01-10,978-1-05-443294-8,girl,No
Difficult affect.,Mrs. Jennifer Jackson,Sci-Fi,2005-12-28,978-0-340-62999-4,,
Paper list doctor age civil.,Samantha Wilson,Romance,2020-03-25,978-0-906971-60-4,case,
Page add population ten.,Kenneth Yoder,Mystery,1995-07-29,978-0-14-056543-0,run,
Party instead yourself.,Brian Duncan,Sci-Fi,2020-01-27,978-1-82451-349-5,,No
Look then when.,Brittney Mcdowell,Romance,1998-06-09,978-0-06-787661-9,soon,
Last watch stock keep southern.,Laura Lyons,Mystery,1999-10-18,978-1-60462-735-0,,
Sound hear red direction.,Michael Barnes,Romance,2022-08-15,978-1-292-29933-4,,Yes
Ability window sea however woman.,Julie Hanson,Mystery,1996-12-12,978-1-256-37147-2,,
Least important head often.,Zachary Whitney,Sci-Fi,2019-12-12,978-1-119-17147-8,,
Environment near wish know door.,April Mendoza,Fantasy,1972-09-08,978-1-870980-08-1,,Yes
Enter could audience who.,Christina Nichols,Sci-Fi,1984-07-07,978-0-8262-1319-8,,
Class hundred.,Jessica Adams,Romance,1986-12-16,978-1-65095-900-9,,
,Alicia Powell,Fantasy,2007-10-13,978-0-400-67626-5,kitchen,No
Marriage student region.,Kaitlin Brewer,Fiction,2007-02-13,978-0-670-05612-5,,
Lay rule.,Jessica Nguyen,Fiction,1976-11-01,978-1-83727-438-3,,No
Eye better affect.,Lydia Wilkins,Sci-Fi,32-13-2020,978-1-67552-580-7,,No
Process one guess.,Michelle Castaneda,Non-Fiction,1995-08-24,978-0-586-36303-4,,No
Ten indeed month vote war.,David Martinez,Sci-Fi,1990-04-26,978-0-941724-79-1,,
Adult growth.,Dr. Yvonne Dennis,Sci-Fi,2017-10-13,978-0-8193-8464-5,,No
Scene rule really lose difficult.,Travis Cain,Non-Fiction,2022-06-27,978-1-328-02887-7,,
Doctor street their reach religious.,Maria Watson,Non-Fiction,1978-05-13,978-0-00-626185-8,,No
Lawyer word candidate.,Sherry Rodriguez,Sci-Fi,1994-05-12,978-1-05-361709-4,,No
Future close sort.,Steven Williams,Fiction,1982-06-13,978-0-610-63507-6,,No
Wall character hope win.,Kathryn Bonilla,Romance,1994-11-10,978-0-13-627288-5,strong,
Scene some station.,John Carter,Sci-Fi,2001-12-13,978-1-335-21390-7,,No
Movie attorney democratic trouble.,Lance Hernandez,Sci-Fi,2014-03-11,978-1-177-83016-4,,No
Million physical maintain successful factor.,Tracy Watts,Romance,1979-08-17,978-0-9711770-9-3,,Yes
Key until.,Brad Harrison,Sci-Fi,1999-04-11,978-0-589-70438-4,,Yes
Accept radio discuss.,Kathleen Smith,Sci-Fi,2020-03-08,978-0-606-19102-9,,
Audience bar.,John Gilmore,Romance,1975-11-25,978-0-669-75107-9,,Yes
Speak develop room.,Karen Hernandez,Romance,1991-02-28,978-1-354-34053-0,,No
Music rich box.,Wendy Higgins,Sci-Fi,1981-08-18,978-0-308-06828-5,type,Yes
Minute structure garden worry its.,Hannah Smith,Fantasy,2017-02-09,978-1-899514-12-0,red,No
Forward much could.,Dalton Prince,Mystery,1997-07-19,978-1-75166-561-8,professional,
Of behavior stage.,Gary Walker,Fiction,32-13-2020,978-0-8018-9144-1,artist,
Possible step produce.,Amy Romero,Fiction,1997-12-26,978-0-466-66052-9,,
Third word.,Darin Palmer,Fantasy,1986-02-05,INVALID,,No
Woman top.,Jo Flores,Non-Fiction,1971-03-22,978-0-12-945606-3,,
If matter better PM customer.,Jessica Moore,Romance,2008-01-21,978-0-674-34772-4,,No
Hit standard western support perhaps.,Yvonne Long,Fiction,1983-04-07,978-0-936699-30-1,coach,
,Travis Hayes,Non-Fiction,2009-02-14,978-0-218-59981-7,,Yes
Explain think.,Paige Bullock,Romance,2005-01-12,INVALID,,
Purpose company can bed treat.,Rebecca Williams,Fiction,2012-01-24,978-1-83089-456-4,,Yes
Rule information wall yet.,David Collins,Sci-Fi,2020-03-21,978-0-391-71566-0,from,No
Image teach nation this.,Michael Green,Fantasy,2003-05-20,978-0-8058-5785-6,,No
Range study partner step east.,Nicholas Henderson,Sci-Fi,2000-10-15,978-0-273-76341-3,quickly,Yes
Know senior research.,Dennis Mcdowell,Sci-Fi,1983-07-18,978-1-186-85683-4,really,No
Wonder store far.,Christopher Livingston,Romance,1976-06-07,978-1-884361-82-1,,Yes
Car same party heavy often.,Jasmine Williams,Mystery,2011-10-20,978-1-4953-8971-9,,Yes
Dinner act particular.,Kevin Chan,Sci-Fi,2013-05-12,INVALID,,Yes
Reduce claim above myself.,Amy Frank,Romance,1993-01-14,978-1-4693-0465-6,,No
Name born poor.,Holly Macdonald,Romance,2005-12-01,978-0-679-25923-7,father,Yes
Attack pattern debate drop.,Karla Garcia,Romance,1970-01-13,978-0-499-83770-7,,No
Foreign through than.,Andrew Ortiz,Romance,2001-04-23,978-0-633-18552-7,,No
Treat spend will on sell.,Tyler Dunn MD,Sci-Fi,2003-11-16,978-0-02-139366-4,,Yes
Exist whatever.,Kevin Gamble,Fantasy,1995-08-19,978-0-367-87128-4,,
Likely room reason.,Gary Williams,Sci-Fi,2006-02-09,978-1-5389-0441-1,,Yes
Speak old oil admit.,Sherri Kirby,Non-Fiction,32-13-2020,978-1-934782-40-8,,No
Bank degree cultural into.,,Fiction,1978-06-30,978-0-537-57122-8,,Yes
Sure hour military pass staff.,Eric Cox,Romance,1998-04-21,978-1-9806-2878-1,,Yes
Really they heavy stay.,Wendy Williams,Fiction,32-13-2020,978-1-972669-36-5,early,
Heart none fall.,Steven White,Sci-Fi,1978-12-11,978-0-9530995-5-9,,
Contain western worker.,Joy Allison,Fiction,1978-05-12,978-1-9863-3660-4,economy,Yes
Management position research benefit.,Penny Rosario,Fantasy,2018-08-17,978-0-579-65751-5,,No
Phone water.,Michael Dawson,Mystery,1981-09-13,978-0-04-931874-8,,Yes
Either community conference.,Mr. Alan Ramirez,Romance,1985-08-21,978-1-05-902135-2,,Yes
Soon responsibility.,Colton Crawford,Romance,1987-09-04,978-0-9621489-5-8,defense,Yes
Effort movement sea.,Karen Howard,Non-Fiction,1988-02-18,978-1-85455-971-5,,No
Kid trial vote.,Deanna Hunt,Sci-Fi,1980-02-16,978-0-921459-06-4,,
Believe raise.,Jesse Curry,Mystery,1980-01-16,978-0-06-834991-4,,Yes
Many also.,Elizabeth Richard,Mystery,2020-05-20,978-0-11-386489-8,,No
Suffer phone provide.,Roberto Anderson,Romance,1999-02-18,978-1-04-076175-5,,
Level focus.,Kimberly Hickman,Romance,1983-11-12,978-0-261-41129-6,,
So argue order.,Kathy Livingston,Romance,1992-01-25,978-1-914168-21-5,,
Rate describe reveal.,Charles Rogers,Romance,2016-07-17,978-0-88205-090-4,,Yes
Player place how and.,Jeffrey Smith,Non-Fiction,1982-06-27,978-0-08-138871-6,,
Opportunity whole be see.,Miguel Carlson,Sci-Fi,2022-08-04,978-0-532-35219-8,time,No
American account style maintain.,Sophia Blair,Unknown,1977-03-03,978-1-78345-687-1,,Yes
Rise change spend white.,Amanda Dickerson,Mystery,1993-05-21,978-0-12-773612-9,,No
Industry red.,Maxwell Allen,Sci-Fi,32-13-2020,978-0-548-97783-5,,Yes
Perhaps strong once approach.,Casey Casey DVM,Non-Fiction,1978-10-01,978-1-997907-88-6,,No
Enough well religious drop.,Mr. Anthony Kelly MD,Fantasy,1977-01-01,978-0-208-96498-4,young,Yes
Thought cultural pattern very.,Brandon Mays,Romance,2014-05-02,978-0-7339-5065-0,,
Option government whose.,Dawn Wilkins,Non-Fiction,2022-05-14,978-0-556-89859-7,,
Field indeed bring effect catch.,Dr. Mary Gonzalez,Mystery,1974-06-30,978-1-08-506783-6,,No
,Matthew Miller,Fiction,1972-06-04,978-1-219-36007-9,,Yes
Head understand vote.,Leslie Sanchez,Romance,1983-09-01,978-1-4096-1220-9,opportunity,No
Class piece leader.,James Tate,Non-Fiction,2025-02-10,978-1-220-06931-2,,No
Authority figure.,Christopher Brown,Mystery,32-13-2020,978-0-303-87586-4,box,No
Kind order kid road.,Jeffery Gibson,Mystery,2004-05-21,978-0-337-56575-5,,
Benefit practice reason.,Javier Garcia,Non-Fiction,1979-10-25,INVALID,,
Fine join enough former.,Gregory Fernandez,Fantasy,1970-06-22,978-0-88701-155-9,,Yes
Control meeting.,Sarah Lynn,Romance,2006-01-23,978-0-8183-4775-7,,Yes
Manage body mouth time car.,Breanna Wagner,Non-Fiction,1977-10-13,978-1-311-76524-6,,
Green sign candidate.,,Fiction,2024-02-25,978-1-232-97296-9,,
Man catch police staff economy.,Timothy Robertson,Unknown,1983-08-05,978-0-7229-8995-1,,Yes
Quality next artist.,Alexander Morgan,Romance,2015-05-04,978-0-9830335-0-9,,Yes
Some north skill parent help.,Casey Long,Fantasy,1990-02-16,978-1-69023-289-6,cell,No
Alone yes act season.,Maria Barry,Sci-Fi,1970-09-11,978-1-00-064566-8,enjoy,Yes
Lead financial project.,Frank Chapman,Mystery,2011-09-10,978-0-7510-5888-8,,No
Only edge court draw.,Richard Brandt,Non-Fiction,32-13-2020,978-1-76272-054-2,read,Yes
Smile admit clearly bill me.,Patty Stewart,Mystery,2019-02-25,978-0-7417-1974-4,,
Lose week nearly plant nor.,Chelsea Brown,Mystery,2014-03-03,978-1-250-93144-3,,
Record especially development.,Julie Weaver,Romance,2003-03-14,978-0-7063-2973-5,,Yes
View hand.,Jennifer Reyes,Romance,1992-05-06,INVALID,,No
People new consider teach.,Michael Gonzalez,Sci-Fi,1997-05-23,978-1-70783-377-1,,No
Then respond much.,Toni Bradley,Mystery,1992-07-11,978-1-220-33954-5,scene,Yes
Politics interest.,Rita Smith,Romance,2006-08-16,INVALID,,
I two tonight.,Tammy Johnson,Sci-Fi,2014-05-10,978-1-64274-795-9,,Yes
Ago weight.,Robert Adams,Non-Fiction,2010-03-26,978-1-77916-935-8,,No
Whether thought certainly.,Troy Williams,Romance,2024-09-09,978-0-07-390338-5,watch,Yes
,Joseph Roberson,Fiction,2004-04-25,978-1-388-74608-7,before,No
Road draw interesting top state.,Alexis Ramos,Non-Fiction,32-13-2020,978-1-70670-851-3,side,
Ever tree whole.,Maurice Warner,Non-Fiction,1997-04-20,978-1-376-90255-6,film,
Type data performance.,Heather Howard,Non-Fiction,2001-04-30,978-0-528-58486-2,,No
Beautiful culture role.,Jeff Thompson,Non-Fiction,2021-11-03,978-0-242-15341-2,appear,Yes
Move surface.,Ricardo Garner,Fiction,2015-03-21,978-1-288-87260-2,,
Write contain purpose true.,Betty Stanley,Romance,2017-05-24,978-1-277-64573-6,,Yes
Boy include born long.,Christopher Holmes,Sci-Fi,32-13-2020,978-0-00-115235-9,,Yes
Industry religious guy.,Kevin Miller,Fiction,2018-01-15,978-0-245-32399-7,,No
,Carlos Peterson,Sci-Fi,2015-05-16,978-1-332-82660-5,,No
Include have performance save.,Christopher Valdez,Romance,2023-08-10,978-0-469-35217-9,,Yes
Appear bad age there study.,Jon Steele,Fantasy,1986-05-21,978-0-01-605988-9,,No
High away card citizen foot.,Stephanie Holland,Sci-Fi,1996-07-29,978-1-341-63100-9,,Yes
Parent save assume.,Samantha Johnson,Fiction,1979-04-30,978-1-57907-715-0,,No
Scene artist clear fight simple.,Aaron Reyes,Mystery,1990-08-03,978-0-01-722176-6,author,
Speech tree time.,Paul Brown,Fiction,2010-02-13,978-1-76478-216-6,,No
Bill most future.,John Smith,Non-Fiction,1979-11-09,978-1-5059-2776-4,around,
Career newspaper notice.,Kathleen Dean,Fantasy,1981-12-21,978-0-429-08262-7,,No
,Bridget Riley,Romance,2007-01-22,978-0-927612-09-8,,Yes
Resource movie fish just.,Charles Anderson,Romance,1972-01-30,978-1-166-30936-7,,No
Benefit near society table.,Perry Jacobson,Mystery,2020-11-08,978-1-82087-371-5,,Yes
Century total green.,Ryan Gonzalez,Sci-Fi,2019-08-31,978-1-06-149299-7,we,No
Woman goal seat necessary.,Patrick Lopez,Non-Fiction,2009-09-17,978-1-5315-8212-8,west,Yes
Economic rate.,Danielle Duran,Sci-Fi,32-13-2020,978-0-657-08530-8,,No
Between international study learn.,,Non-Fiction,2010-12-23,978-0-922797-17-2,,No
Than city within.,Nicholas Brady,Sci-Fi,1987-03-07,978-0-7660-9479-6,,No
,Brenda Figueroa DDS,Sci-Fi,1993-10-03,978-0-416-04306-8,,
Management relate which.,Shari Hartman,Romance,2015-06-24,978-1-373-16936-5,,No
You senior.,Barbara Chapman,Non-Fiction,1993-04-19,978-1-216-75175-7,year,
Fill difficult upon money in.,Robert Hernandez,Mystery,1974-02-04,978-0-301-47778-7,,Yes
Benefit politics behind billion.,Teresa Hall,Fiction,1988-05-06,978-1-00-634229-5,,
Mother young.,Thomas Taylor,Fiction,1982-06-22,978-1-114-79993-6,,No
Meet leg fine stuff.,Ronald Marsh,Romance,2020-11-10,978-0-324-90604-2,move,
Doctor accept investment.,David Nelson,Mystery,2001-12-16,978-0-07-020504-8,,
Anything thank spring.,Robert Wright,Mystery,2021-01-06,978-0-15-947080-0,,Yes
Product discuss open.,Nicholas Duncan,Sci-Fi,2021-01-07,978-1-261-97941-0,season,
One back play tell.,Jonathan Hester,Fantasy,2012-05-14,978-1-5026-7768-6,,
Chance ten important modern.,Matthew Cook,Non-Fiction,2016-08-16,978-1-307-76103-0,image,
Short speak beautiful.,Michael Martin,Non-Fiction,2015-05-31,978-1-59838-743-8,,Yes
Activity white rich.,William Sullivan,Romance,2015-09-17,978-0-12-407708-9,discussion,Yes
Happen want continue.,Sharon Watts,Romance,1987-03-18,978-0-320-18964-7,,Yes
,Charles Murray,Fiction,1974-10-03,978-0-508-00844-9,lot,Yes
Give world reflect.,Jessica Watkins,Mystery,1986-09-06,978-0-07-261107-6,,Yes
White anyone.,Jamie Young,Romance,1988-06-02,978-1-941193-72-3,,
Once seek tough himself few.,Jonathan Parks,Sci-Fi,1971-01-18,978-0-404-87845-0,,Yes
Either difficult skin.,Christopher Reed,Fiction,1991-06-24,978-0-06-720903-5,,No
Because actually.,Melvin Evans,Romance,1984-05-06,978-0-496-62987-9,,No
Capital live stuff.,Jeffrey Roberts,Mystery,1989-01-02,978-0-7487-9330-3,,
Miss every.,Andrew Jones,Mystery,1991-12-03,978-0-695-84310-6,pressure,Yes
Term scene.,James Stevens,Romance,2021-10-07,978-0-945132-25-7,,Yes
Since provide.,Lori Turner,Romance,1989-08-25,978-0-663-46836-2,,Yes
Require wear carry.,Kimberly Wilson,Fantasy,1984-06-02,978-0-925566-84-3,,
Push tax both.,Christine Jenkins,Non-Fiction,1976-11-02,978-0-89765-890-4,,No
Explain race dream.,Patrick Mann,Non-Fiction,2010-08-11,978-0-544-56022-2,property,No
Thus forget.,Tyler Wood MD,Fantasy,2008-08-21,978-1-76418-379-6,,No
Gas investment modern majority toward.,Kevin Owens,Romance,1980-08-25,978-1-75786-872-3,,
Certain there nearly.,Mr. Rodney Brooks,Fantasy,1982-10-23,978-1-4214-7924-8,,No
On society sit reality.,Katelyn Graham,Mystery,2005-02-05,978-0-624-59718-6,,Yes
,Rachel Herring,Mystery,1973-02-11,978-0-7327-4555-4,,No
Social less heavy.,Michaela Smith,Sci-Fi,1987-09-08,978-1-01-636770-7,,Yes
Sound leave world radio truth.,Christina Evans,Sci-Fi,1978-08-19,INVALID,,Yes
Best town fight field.,Tiffany Gomez,Fiction,2008-04-10,978-1-4900-1951-2,person,Yes
Myself amount represent power.,Kevin Robertson,Fiction,1986-10-25,978-1-5482-1087-8,,Yes
,Jennifer Washington,Fantasy,2020-10-16,978-0-01-127417-1,front,Yes
Hundred almost religious.,Mallory Harrison,Non-Fiction,2002-09-14,978-1-138-81479-0,around,No
Meeting we risk note.,Sean Wilson,Fiction,1990-03-07,978-1-193-70471-5,benefit,Yes
Item government show leave man.,David Sharp,Fantasy,1985-11-21,978-1-197-33649-3,,
Bag bad.,Vanessa Yu,Romance,1991-10-11,978-0-605-74099-0,,No
Understand be between wrong.,Katie Brewer,Romance,1993-05-27,978-0-527-22065-5,,
Guy rate work bring clearly.,Devon Lee,Non-Fiction,2020-09-13,978-0-11-153494-6,,
Western condition.,Chad Hill,Fiction,1983-10-17,978-1-371-25885-6,,No
Education fine a senior analysis.,Teresa Kane,Fantasy,2003-04-11,978-1-05-584648-5,,
Why up already image.,Hannah Hancock,Fiction,2001-01-24,978-0-09-301641-6,,
Magazine activity.,Danny Simmons,Sci-Fi,1972-08-14,978-1-03-172527-8,,
Threat notice offer hear.,Edward Moreno,Romance,2019-01-31,978-0-257-15008-6,,No
Sing type simply.,Jacqueline Terry,Romance,1972-06-10,978-1-81511-120-4,,
Notice play guy.,Richard Mcclain,Romance,2025-04-09,978-1-5134-0837-8,,Yes
Skin final.,Elizabeth Nelson,Mystery,1978-09-13,978-0-341-95245-9,,
Magazine beyond summer any.,Olivia Banks,Romance,2018-09-23,978-0-680-63793-2,,No
Teacher go respond.,Erin Thomas,Fantasy,2012-04-29,978-0-15-833111-9,cut,No
Ready there three training.,Vicki Cobb,Sci-Fi,1983-03-19,978-0-611-46167-4,,No
Range tree out development executive.,Gary Wilson,Mystery,2017-02-15,978-1-76326-883-8,,
Forget practice choice carry.,Dustin Oconnell,Fantasy,2014-12-28,978-0-01-741792-3,,
Nice during tax.,Terri Smith,Mystery,32-13-2020,978-1-79943-784-0,,No
Opportunity project to yeah benefit.,Colleen Castillo,Fantasy,1974-04-19,978-1-60651-717-8,,Yes
Not far.,Andrea Washington,Romance,1976-08-21,978-0-13-639927-8,,Yes
Service quality foot stop.,Charlotte Diaz,Mystery,1997-10-17,978-0-575-29134-8,,
Maybe staff play piece mean.,Tina Mathis,Mystery,2004-09-10,978-0-393-05615-0,,Yes
Us discuss everyone five.,Rebecca Martin,Fantasy,1980-09-06,978-0-351-46786-8,,
Treatment book data nature.,Ashley Lopez PhD,Romance,1978-03-06,978-1-06-858831-0,,No
Total policy.,Johnny Serrano,Non-Fiction,1985-10-06,978-0-218-32881-3,,No
Another as foot adult.,Adrienne Lee,Romance,2000-10-25,978-1-956417-43-2,,No
Might show Republican add total.,Heather Wells,Romance,32-13-2020,978-1-4768-9581-9,,No
Performance drug political.,Crystal Thompson,Mystery,2015-09-23,978-0-569-32802-9,,No
Take very skin room.,Jennifer Hess,Sci-Fi,2019-02-14,978-1-274-93049-1,,No
Officer music explain big remember.,Troy Garcia,Romance,32-13-2020,978-1-949268-84-3,,
Stuff method return operation son.,Sara Little,Fantasy,2004-08-10,978-0-561-16691-9,wide,No
Me buy strong.,Tiffany Murray,Fiction,2007-04-06,978-0-366-09163-8,,
Growth little.,Charlene Armstrong,Fantasy,1991-09-10,978-1-159-20562-1,,No
Several again letter might.,Valerie Marquez,Non-Fiction,1981-05-30,978-1-874287-02-5,,Yes
Imagine movement there role.,Mrs. Maria Rogers,Non-Fiction,2022-05-16,978-0-8099-1790-7,,
Develop glass determine hand.,Jeff Rhodes,Non-Fiction,1979-04-16,978-1-80066-317-6,,No
Personal democratic know.,Shawn Rodriguez,Fantasy,1991-10-23,978-1-59351-549-2,,
Perform leg store.,David Martinez,Mystery,1978-05-10,978-1-935801-95-5,,No
Edge push report choice again.,Clifford Carroll,Fiction,1991-01-03,978-0-07-598951-6,,No
Five course good.,Jaime Santos,Sci-Fi,2015-09-14,978-0-673-49328-6,,Yes
Process price.,Phyllis Daniel,Romance,2011-05-12,978-1-896309-62-0,,Yes
,Latoya Dixon,Fiction,1971-10-27,978-0-11-138121-2,,
Produce yard.,Kelly Reese,Fiction,1984-08-14,978-0-479-02588-9,,No
Cultural technology.,Ashley Jacobson,Mystery,1982-02-17,978-0-540-82792-3,,
Medical rock.,Tricia Manning,Romance,2003-07-24,978-0-253-46867-3,,Yes
Of strong possible.,Joshua Lane,Mystery,2024-12-31,978-1-949770-42-1,author,
Media operation.,Stephanie Vazquez,Romance,2016-12-27,INVALID,,No
Baby agency low card.,Bobby Gallegos,Mystery,1998-04-06,978-0-214-11592-9,,No
Look sea system available.,Kevin Wallace,Romance,1999-03-28,978-0-9652860-5-3,,
Community without.,Jessica Logan,Sci-Fi,1990-12-13,978-1-81366-523-5,,No
Scene wall everyone.,Lisa Vincent,Non-Fiction,1983-03-04,978-0-9665738-1-7,,Yes
Smile field anyone western.,Jennifer Santos,Non-Fiction,1985-05-19,978-1-873360-62-0,,No
,Alexis Woodward,Sci-Fi,2022-09-12,978-0-208-33996-6,,
Thousand bring save much issue.,Micheal Buck,Romance,1991-06-10,978-1-7329300-0-1,road,Yes
Far physical.,Holly Barry DVM,Fiction,2021-04-04,978-1-65209-036-6,,Yes
Data boy hold.,Jeremy Peters,Non-Fiction,2011-03-02,978-1-206-70089-5,,Yes
Various produce candidate soldier.,Austin Wallace,Sci-Fi,1989-05-14,978-0-558-45987-1,,Yes
Position hour family.,Erica Nguyen,Sci-Fi,2003-08-21,978-1-01-768149-9,,No
Heavy worker.,Amanda Crawford,Non-Fiction,1980-08-13,978-0-303-60780-9,,
Late policy wish consider commercial.,Dr. Emily Thomas DDS,Sci-Fi,2021-11-17,978-0-361-26137-1,,No
Thing still claim main people.,Kenneth Jennings,Fiction,2006-05-30,978-0-474-72063-5,,No
Law account imagine rich.,David Hill,Romance,2002-08-04,978-1-63868-756-6,class,Yes
Middle tax from.,Vanessa Salazar,Fantasy,2005-04-01,978-0-686-05845-8,,Yes
Way whom design read.,Ashley Anderson,Mystery,2014-07-14,978-1-69869-451-1,,
For black model.,Allison Beasley,Romance,1990-10-05,978-0-07-104494-3,,Yes
Peace their.,William Benson,Romance,1977-09-06,978-1-5207-3236-7,,
Capital current adult.,Todd Gonzalez,Sci-Fi,2016-04-09,978-1-4137-2935-1,,No
Stage yeah.,Brent Maldonado,Sci-Fi,1974-07-20,978-1-265-82067-1,social,
Star tough possible population call.,William Thomas,Mystery,1971-10-27,978-0-9512851-9-0,,Yes
Save specific number.,Ronald Ramirez,Sci-Fi,1985-04-19,978-1-5230-6984-2,nothing,No
One according lead.,Jordan Hanson,Mystery,32-13-2020,978-1-317-77857-8,leave,No
West really benefit.,Jasmine Mcdaniel,Mystery,2021-10-11,978-0-8491-0081-9,,Yes
Administration new measure have.,Steven Parker,Fantasy,1978-04-17,978-1-78980-631-1,employee,
Huge final play effort.,,Sci-Fi,1992-05-30,978-1-202-64141-3,maintain,No
Suggest believe hotel card.,Bradley Hernandez DVM,Sci-Fi,1984-10-15,978-0-514-84786-5,,
,Joseph Taylor,Romance,32-13-2020,978-1-4550-8879-9,,
Interview someone night.,Christine Grimes,Mystery,1977-12-07,978-0-915072-90-3,,No
Season information.,Joseph Garcia,Sci-Fi,1983-11-24,978-0-575-61660-8,,No
Him interest laugh young.,Melanie Brown,Non-Fiction,1972-04-26,978-1-57115-181-0,,No
Successful push employee.,Mark Wong,Non-Fiction,1987-08-15,INVALID,American,Yes
Fear usually manage.,Jonathan Jones,Non-Fiction,2006-12-13,978-1-64184-287-7,,Yes
Research over laugh.,Emma Contreras,Romance,32-13-2020,978-0-18-909721-3,,No
Her doctor radio.,Melissa White,Sci-Fi,2016-12-11,978-1-72139-440-1,south,
Challenge ago.,Tina Porter,Non-Fiction,1973-05-14,978-1-07-912476-7,,Yes
Can way word.,Eric Thomas,Fantasy,32-13-2020,978-1-81419-311-9,,No
Near trip couple newspaper.,Gene Davis,Mystery,1999-08-25,978-1-82678-061-1,,No
Partner free music trade.,Kimberly Stevenson,Non-Fiction,32-13-2020,978-0-7413-1979-1,,
Then anything media operation.,Jenna Quinn,Romance,1988-04-06,978-1-82770-456-2,,
Pressure miss executive.,Anthony Bell,Sci-Fi,32-13-2020,978-0-02-963715-9,,No
Collection so use sea inside.,Dawn Cooper,Fiction,1971-11-06,978-0-341-85759-4,contain,
Wide medical buy interview.,Cody Dunn,Mystery,2019-07-21,978-0-351-11678-0,,
Vote draw.,Janet Mckenzie,Sci-Fi,2023-01-02,978-0-296-47508-9,,
Far sense political shake environment.,Laura Ford,Fantasy,1971-09-26,978-1-76098-731-2,,No
Republican radio seek.,David Barnes,Sci-Fi,2005-08-22,978-1-57424-696-4,,
Camera whom win finally.,Theresa Mcdonald,Fantasy,32-13-2020,978-1-01-770694-9,,No
Guess save fact room amount.,Lindsey Vasquez,Mystery,1973-07-12,978-0-440-06530-2,,No
Skill occur.,Raymond Hernandez,Romance,1994-08-03,INVALID,,Yes
American film toward.,Madison Carson,Fantasy,1978-06-22,978-1-869858-95-7,,Yes
Tv avoid magazine form.,Matthew Solis,Romance,1997-05-09,978-1-4905-4511-0,,No
Close fund throw throughout.,Anthony Levine,Fiction,1985-11-12,INVALID,,
Recently whatever.,Donald Pena,Romance,32-13-2020,978-0-921276-10-4,,No
Message none tonight your participant.,Danielle Ritter,Sci-Fi,32-13-2020,978-0-05-758129-5,,
Girl reflect garden have particularly.,Pamela Maxwell,Mystery,1980-12-21,978-0-242-69579-0,,
Meet the party.,Alisha Bennett,Fantasy,2013-03-17,978-0-7601-0548-1,,
However personal mouth.,Tanner Bolton,Romance,2021-07-20,978-0-86126-743-9,,
Both who voice college.,Victoria Perkins,Mystery,32-13-2020,978-0-514-79456-5,,
Issue among.,Kimberly Parsons,Fiction,2016-11-06,INVALID,,No
Tell state.,Kimberly West,Sci-Fi,1974-12-15,978-1-06-058224-8,,No
Wonder owner.,Tiffany Bradford,Fantasy,1994-03-31,978-1-74505-148-9,,Yes
Simply sit put social relationship.,Kevin Drake,Non-Fiction,2020-11-29,978-0-592-11778-2,,No
Road woman generation than.,David Simpson,Sci-Fi,1977-08-22,978-0-06-973677-5,,No
Herself analysis.,Richard Smith,Fiction,2008-03-28,978-0-8235-1512-7,,Yes
Campaign voice letter both value.,Anthony Mitchell,Non-Fiction,2007-05-11,978-0-7990-6773-6,,
Represent send trip why.,Kevin Norman,Fantasy,32-13-2020,978-1-74999-251-1,,Yes
Step every too.,Edward Waters,Romance,32-13-2020,978-1-9855-1618-2,present,Yes
Kind charge war.,Sandra Brown,Mystery,1988-10-19,978-0-614-84455-9,,Yes
President old edge pressure goal.,Kendra Alexander,Sci-Fi,1970-11-10,978-1-189-59784-0,,Yes
Political gun.,Leslie Gilbert MD,Fantasy,1974-09-20,978-0-325-92737-4,mention,
This whole either.,Kara Knox,Fiction,2013-08-27,978-0-366-87070-7,,No
Whole week.,,Sci-Fi,1981-09-17,INVALID,,
Draw strong.,Samantha Davidson,Sci-Fi,1978-09-05,978-1-4628-8628-9,,
Perhaps result everything guy.,Jeremy Black,Sci-Fi,1978-11-10,978-0-913759-99-8,end,No
Skin play TV partner.,Steven Keith,Sci-Fi,1988-11-13,978-0-8037-5614-4,deal,No
Consider gun.,Frederick Cortez,Fantasy,2019-01-03,978-1-4600-1384-7,,No
Leg control physical no market.,Paul Barber,Unknown,1981-09-24,978-0-632-94275-6,,Yes
Network tree available stay.,Amy Cooper,Mystery,2022-09-18,978-1-125-66694-4,,No
Who administration memory.,Danielle Knapp,Non-Fiction,2005-02-12,978-1-68617-368-4,,
Suffer eye side.,Mary Foster,Sci-Fi,1976-06-21,978-1-84693-743-9,,No
Central up.,Daniel Young,Fantasy,1970-11-12,978-1-109-47283-7,show,
Campaign say day.,Jack Garcia,Fantasy,1990-01-09,978-0-13-603267-0,relate,Yes
Left recent.,Karen Miller,Non-Fiction,2024-04-29,978-0-8305-1181-5,hit,
Goal effect discussion people.,Kenneth Matthews,Non-Fiction,1984-11-22,978-1-129-02123-7,,Yes
Modern husband us threat.,Michael Gomez,Mystery,32-13-2020,978-0-671-26506-9,operation,
Believe wife tough.,Thomas Brady,Non-Fiction,2011-05-20,978-1-69084-051-0,,No
Modern energy away weight husband.,Sarah Stark,Mystery,1986-01-29,978-1-57340-282-8,,
Thus spring few sign series.,Erica Riddle,Romance,2012-10-21,978-1-69831-496-9,,
Decide drive property.,Travis Diaz,Fiction,32-13-2020,978-1-217-52038-3,,No
Business wife picture.,Michael Frost,Fiction,1977-12-06,978-1-5182-8518-9,,
Move animal.,Robin Gibbs,Sci-Fi,1989-11-29,978-1-311-66346-7,push,Yes
Nation poor travel.,Emily Mcknight,Romance,2010-02-14,978-1-233-74944-7,large,
Thus effect opportunity book.,Alyssa Choi,Non-Fiction,1998-09-28,978-1-379-27677-7,,Yes
Cause arm majority.,Laura Baker,Sci-Fi,32-13-2020,978-1-4386-5810-0,,Yes
Rate eye wall.,Sarah Dawson,Non-Fiction,1975-10-24,978-1-05-655153-1,,No
Business bill.,Jeremiah Johnson,Fantasy,1992-10-23,978-0-7639-7965-2,,No
Responsibility else system writer everything.,Lydia Miller,Non-Fiction,2008-03-06,978-1-4330-5491-4,,Yes
Live yet process.,Derrick Gray,Sci-Fi,1996-03-26,978-1-270-41538-1,,Yes
Plan community side.,Andrew Gay,Mystery,2001-05-07,978-0-7427-4551-3,,Yes
Recognize source strong age.,Christopher Brandt,Fantasy,1979-07-12,978-0-575-71828-9,,Yes
Size science idea.,Brian Morgan,Romance,2014-10-14,978-1-9863-1481-7,produce,Yes
Put friend tell season.,William Burnett,Fantasy,1985-08-22,978-1-85546-701-9,opportunity,Yes
,Sarah Thompson,Mystery,2016-10-10,978-0-312-52127-1,,
Fund crime industry base kind.,Mark Alvarez,Fantasy,1997-11-22,978-1-283-09825-0,,
Owner work.,Monica Mora MD,Sci-Fi,1970-01-01,978-0-909614-59-1,,Yes
Spring know.,Lori Robinson,Non-Fiction,1998-08-30,INVALID,,Yes
Art approach as.,Mary Garcia,Mystery,32-13-2020,978-0-904174-92-2,,No
High among.,,Fantasy,2006-10-19,978-0-595-25271-8,,
Usually region contain benefit another.,Kristi Leach,Fantasy,1999-08-20,978-1-09-057002-4,,Yes
Get animal contain ask poor.,Stephen Gonzalez,Sci-Fi,2022-03-21,INVALID,,
Then last.,John Perez,Sci-Fi,1978-12-15,978-0-85831-448-1,,No
Team perhaps per.,Tanya Mcclain,Fiction,2023-09-04,978-0-908336-09-8,,
Present pressure those.,Angela Parker,Fiction,2017-10-31,978-0-296-07110-6,,Yes
Should nice shake point year.,Paula Roberts,Unknown,2007-09-13,978-0-565-54329-7,,Yes
Dog get beautiful.,Benjamin Hall,Romance,2000-08-25,978-1-124-01328-2,,Yes
Employee summer.,Daniel Diaz,Fiction,2013-11-22,978-1-00-846629-6,,Yes
Water themselves computer.,James Swanson,Fiction,1970-06-05,978-1-55012-918-2,,No
Business both.,Alexis Mathis,Fantasy,2009-03-19,978-0-900661-03-7,,No
Analysis stock.,Kelly Gonzalez MD,Mystery,32-13-2020,978-0-475-83305-1,,No
Evidence wind never.,Sandra Chen,Non-Fiction,2000-01-08,978-1-08-509017-9,girl,Yes
Laugh whatever appear home.,Jeffrey Mullen,Romance,1979-11-20,978-0-9794241-5-1,,No
Campaign lawyer western somebody any.,Michael Scott,Romance,2001-01-13,978-0-406-63472-6,condition,Yes
Year garden trip.,Nicholas Olson,Romance,2005-10-21,978-0-17-907115-5,,No
Little raise commercial concern.,Isabella Ramirez,Romance,1976-09-12,978-1-9755-9683-5,,
Plan without nature capital.,Douglas Brown,Non-Fiction,1970-05-26,INVALID,enjoy,No
Walk own.,Kyle Ramos,Fantasy,1973-05-23,978-0-7474-0488-0,,
Treatment dark apply effort.,Jessica Wright,Mystery,1986-06-30,978-0-472-68185-3,,
Leader free heart.,Matthew Byrd,Romance,1976-07-09,978-0-469-20808-7,,
His another watch will plant.,Jonathan Cook,Non-Fiction,32-13-2020,978-0-7616-4364-7,,No
Also guy song card page.,Lisa Woodard,Sci-Fi,1981-03-31,978-1-930132-82-5,,No
Let fear.,Lisa Vega,Fiction,1991-03-07,978-1-9999339-0-6,,Yes
Still over those huge table.,Amy Pearson,Non-Fiction,1991-03-08,978-1-391-94361-9,knowledge,
Daughter window.,Jason Mendez,Fantasy,32-13-2020,978-0-9723315-0-0,,
Learn sell meet.,Christopher Leonard,Fantasy,32-13-2020,978-1-64284-475-7,help,No
Suffer case.,Michelle Clark,Fiction,1991-06-24,978-1-953055-37-8,,No
Value home central.,Heather Lowe,Fiction,2005-03-26,978-1-01-826296-3,end,Yes
Lay letter term.,Jeremy Gonzalez,Non-Fiction,32-13-2020,978-1-124-55074-9,,No
Media yes room serious either.,David Ortega,Romance,1980-06-19,978-1-989028-08-7,,
Return next leg.,Ashley Wilson,Fantasy,2008-04-27,978-0-03-305773-8,,Yes
Interview involve.,Daniel Griffin,Non-Fiction,1993-01-12,978-1-5271-5110-9,,Yes
Rise job score establish.,Richard Rosario,Non-Fiction,2005-06-20,978-1-82929-857-1,,No
Who unit.,John Pittman,Sci-Fi,2018-12-03,978-0-221-60153-8,,No
Through student without travel city.,Cheyenne Oneill,Sci-Fi,1981-05-11,978-1-08-528939-9,,
Real goal voice expect human.,Dr. Cameron Hughes,Non-Fiction,2021-06-02,978-1-9831-4762-3,worry,Yes
Form whole above.,William Davis,Romance,2022-04-22,978-1-03-210518-5,field,Yes
Civil politics fly audience.,Robert Cox,Fantasy,32-13-2020,978-0-8236-6475-7,,Yes
,Brenda Stone,Sci-Fi,2022-04-04,978-1-59291-316-9,,No
Child sign serious sit.,Shannon Adams,Fantasy,2018-08-09,978-0-11-028453-8,,Yes
Firm once actually seven.,Marcus Le,Sci-Fi,2013-07-05,978-0-8179-2523-9,sea,Yes
Cover feel way.,Robert Sanchez,Mystery,2001-03-25,978-1-4825-5431-1,explain,No
Action western take.,Robert White,Sci-Fi,2018-09-03,978-0-08-835269-7,,Yes
Charge last.,Lisa Williams,Romance,2008-10-14,978-1-03-014319-6,,No
Strong account brother.,Dale Reilly,Non-Fiction,2014-03-27,978-0-01-112250-2,,No
Traditional attack.,Denise Wilson,Mystery,2024-03-23,978-0-377-72585-0,management,No
Result standard join best change.,Lindsey Vasquez,Mystery,2006-09-12,INVALID,,No
Data environment few process.,Elizabeth Smith,Fiction,1978-01-07,978-0-06-384556-5,reflect,
Base table act by.,Grace Roberts,Sci-Fi,1978-09-28,978-1-64349-367-1,build,
Dog art line.,Mark Lopez,Mystery,1990-10-23,978-0-89929-117-8,,
Pass region imagine garden.,Robert Davis,Fiction,2001-09-20,978-0-06-187761-2,,Yes
Off we adult worker accept.,James Rios,Romance,32-13-2020,978-0-85308-191-3,,No
Low small day nearly difference.,Keith Meyer,Mystery,2018-08-19,978-1-874785-20-0,,
Should simply firm represent issue.,Nicole Johnson,Fiction,2004-03-16,978-1-215-61614-9,newspaper,
Pass think also.,Nancy Owen,Mystery,1996-11-24,978-0-85246-099-3,,
Community seem pressure.,Bill Newton,Sci-Fi,1985-06-21,978-0-12-727426-3,court,No
Arm statement building than trip.,Steve Russell,Fantasy,1981-07-25,978-0-665-35007-8,,
Lose audience why rate.,Harold Williams,Non-Fiction,1987-06-17,978-1-4151-5035-1,,
Policy magazine space.,Billy Kim,Non-Fiction,1984-06-07,978-1-397-52566-6,,
Well notice now stock develop.,Frederick Townsend,Fiction,2000-08-24,978-0-409-93743-5,,
Tax about treatment.,Karen Hood,Mystery,2021-06-16,978-0-13-041660-5,,Yes
Term difficult.,Thomas Cannon,Fantasy,1978-06-15,978-1-05-403187-5,,
Notice social tend.,Sara White,Fantasy,2023-02-20,978-0-9598258-0-0,,
Reveal teacher more else.,James Mcdonald,Mystery,1978-12-08,978-0-619-61226-9,,
Indicate again must age entire.,Renee Pittman,Mystery,2004-03-18,978-0-8124-2662-5,figure,Yes
Example coach rate.,John Whitaker,Fantasy,1999-05-17,978-1-69486-058-3,,No
Or bar choice.,Christopher Ingram,Sci-Fi,1984-09-24,978-1-04-947478-6,,Yes
Charge college matter available.,Sarah Anderson,Non-Fiction,2025-05-22,978-0-85528-597-5,,Yes
Family staff of.,Laura Krause,Fantasy,32-13-2020,978-1-79503-317-6,,
Term weight growth face.,Richard Williams,Non-Fiction,32-13-2020,978-0-344-08736-3,,Yes
Prove purpose radio agree step.,Danielle Cameron,Fantasy,1987-06-06,978-1-00-349257-3,,Yes
Watch land.,Allison Wyatt,Sci-Fi,2007-01-30,978-1-82914-427-4,,No
Full agree.,Alexandria Clark,Non-Fiction,1991-06-22,978-1-250-17236-5,drop,No
Rock board kid also hear.,David Thomas,Sci-Fi,2006-03-13,978-1-08-596531-6,,No
Guess threat.,Randall Crosby,Fantasy,1992-02-26,978-1-189-24055-5,,
Evidence figure fill.,Jesus Schmidt DDS,Fantasy,2011-04-24,978-0-17-211647-1,stand,Yes
Garden on.,Michelle Pineda,Sci-Fi,1972-08-15,978-0-7342-2759-1,,Yes
Avoid reach down reason.,Cheryl Murphy,Fantasy,1999-01-09,978-0-235-41300-4,,
Fish local likely always think.,Diana Hernandez,Fantasy,1991-02-21,978-0-7871-8159-8,,No
Yet economic.,Andrea Cochran,Non-Fiction,1979-03-15,978-1-331-70976-3,field,No
,Kimberly Navarro,Fantasy,2022-11-16,978-0-612-11538-5,,No
Sort laugh push mission.,Charles Hall,Romance,1995-12-13,978-1-64689-736-0,,Yes
Happen fact real.,Nicole Watson,Romance,2019-05-09,978-0-7819-9847-5,,
Answer no owner rise.,Marie Harris,Non-Fiction,1996-12-19,978-0-540-93258-0,,No
Level nation.,Michael Trevino,Fantasy,2019-01-24,978-1-4836-3381-7,building,
Report charge.,Charles Herrera,Fantasy,1987-01-04,978-1-58983-754-6,,No
Lay shoulder serious animal sort.,,Mystery,1977-04-13,978-1-74317-390-9,,Yes
Home environmental heart moment first.,Devin Conner,Unknown,2003-02-13,978-1-70186-601-0,,Yes
Sell sing media item so.,Sandra Lopez,Romance,1986-01-31,978-0-89235-602-7,,
Thus bring side.,Juan Fernandez,Romance,1992-06-28,978-1-71819-234-8,pressure,
Court meeting seem.,Brenda Anderson,Mystery,1997-02-07,978-0-05-772539-2,month,
Box each later.,Aaron Stewart,Romance,2006-06-03,978-1-371-93414-9,,
Want someone next.,Keith Baker,Mystery,2023-07-25,978-1-136-91117-0,,
Get option whom age.,Nicholas Young,Non-Fiction,32-13-2020,978-0-925158-37-6,,No
Maybe although bad probably special.,Cynthia Rose,Non-Fiction,1988-07-01,978-1-4678-8228-6,sometimes,Yes
School certainly trade.,James Cohen,Mystery,2012-10-08,978-0-407-31050-6,,No
Certain necessary step issue resource.,Holly Wells,Romance,1993-11-05,978-0-321-09123-9,,No
Computer final order summer.,Matthew Roberts,Sci-Fi,2005-06-28,978-0-645-74729-4,,Yes
Of fight red professor.,Bonnie Gallegos,Romance,2023-12-02,978-1-55794-068-1,,No
Forward team discover her better.,Jessica Graves,Sci-Fi,1974-11-07,978-1-970239-31-7,,No
,Mary Coffey,Sci-Fi,2007-02-26,978-0-624-49643-4,,No
Business enough customer many.,Tina Morgan,Mystery,2016-08-14,978-0-7002-4044-9,,No
Generation at yourself.,Samantha Carter,Fiction,1973-04-25,978-0-646-90311-8,,No
May resource decision agency.,Terry Wilson,Fiction,1974-01-22,978-1-09-643571-6,,Yes
Nation toward during response still.,Amy Davidson,Sci-Fi,2005-01-04,978-0-7956-8920-8,,No
Enough enter fear south couple.,Shane Howard,Romance,32-13-2020,978-0-337-95971-4,,Yes
Seek itself.,Kevin Wagner,Non-Fiction,2005-12-19,978-0-08-036047-8,,No
Pay nothing because.,Jessica Johnson,Fantasy,32-13-2020,978-0-88512-270-7,,
Benefit trip board four.,Kristina Wong,Non-Fiction,1988-07-25,978-1-872644-65-3,,No
Least upon old top.,Jean Fleming,Fantasy,1990-05-01,978-0-16-251825-4,,Yes
Perhaps rise Congress billion project.,Renee Lynch,Mystery,2009-04-18,978-1-384-94682-5,,
Company mean.,Sarah Myers,Mystery,32-13-2020,978-1-225-68630-9,,No
None family hotel.,Ashley Turner,Fantasy,1982-01-24,978-1-9813-5431-3,,Yes
Letter boy themselves.,Kayla Fisher,Romance,2021-05-03,978-1-291-47453-4,,Yes
Drive draw sit.,Darrell Wagner,Non-Fiction,2000-02-16,978-1-377-85083-2,,
Include yard box find.,,Non-Fiction,2001-12-29,978-1-140-31088-4,,No
According read professor condition newspaper.,Louis Perkins,Fiction,2017-10-18,INVALID,,
Factor until other.,Dr. Daniel Hunter MD,Romance,2017-03-20,978-0-690-59351-8,,No
Power seek.,William Gutierrez,Sci-Fi,2001-07-07,978-0-02-205451-9,,Yes
Cold old third I.,Jasmine Tran,Non-Fiction,1991-11-25,978-0-612-63605-7,financial,Yes
Situation all piece trip take.,Brandon Cooper,Sci-Fi,2008-12-01,978-1-76087-778-1,from,
Give week.,Gina Reyes,Mystery,32-13-2020,978-1-879969-45-2,,Yes
Employee teacher lead inside cause.,Brandy Miller,Non-Fiction,2003-09-12,978-1-83323-766-5,knowledge,
Strong appear seem director.,Rebekah Mcbride,Fantasy,32-13-2020,978-1-327-83820-0,great,Yes
Box wrong federal rather.,Brian Anderson,Mystery,1979-04-14,978-0-496-66193-0,hit,Yes
Resource most.,Kayla Farrell,Sci-Fi,2024-03-11,978-0-8474-5039-8,,No
Operation song quite.,Melinda Phillips,Fantasy,1978-12-07,978-1-192-09423-7,,No
Laugh west page inside.,Jeanne Anderson,Fantasy,1988-12-16,978-1-144-72168-6,,No
Organization itself sea light.,Christopher Perry,Fantasy,1975-07-06,978-1-69805-210-6,,No
Professional hour wait night include.,Mary Morales,Non-Fiction,2024-07-12,978-0-8478-3512-6,,
Use resource.,James Patel,Fantasy,1988-02-15,978-0-7501-8155-6,throw,Yes
Yeah Democrat car.,Kimberly Zamora,Mystery,2005-07-26,978-1-362-58140-6,,Yes
Age mind.,Colin Yang,Fantasy,2009-08-30,978-0-464-95746-1,,No
To lay claim know.,Samantha Webb,Fiction,2024-05-16,978-0-7256-6444-2,,Yes
Benefit rate national season.,Heather Martin,Romance,1974-05-26,978-0-16-090491-2,,Yes
Fish lawyer over better.,Jeffrey Gilbert,Romance,2018-07-04,978-0-213-45267-4,,No
Trouble cover you.,Jeffrey Parker,Sci-Fi,2009-02-20,978-1-81826-398-6,,
,Kevin Larson,Romance,32-13-2020,978-0-7194-0501-3,,Yes
Spring however.,Bradley Morris,Romance,2009-03-29,978-1-286-63999-3,,Yes
Customer man happen news attack.,Matthew Morales,Fiction,1970-10-18,978-0-8341-8782-5,,
Thank despite someone.,Jessica Anderson,Non-Fiction,2021-09-27,978-1-69381-766-3,,No
Need toward civil professional.,Anthony Conner,Mystery,2000-07-29,978-1-70584-892-0,,No
But letter.,Carmen Flynn MD,Romance,2000-03-20,978-0-00-818959-4,,
Approach heart hotel.,Thomas Evans,Fantasy,1982-10-05,978-1-67104-862-1,,No
Run member leader.,Dominique Anderson,Sci-Fi,32-13-2020,978-1-78163-730-2,,No
Those do.,Carolyn Johnson,Sci-Fi,2003-04-04,978-0-89811-774-5,,No
Window organization.,Rhonda Spencer,Romance,1979-06-18,978-0-646-10047-0,,Yes
Chance mouth the exist.,Patricia Smith,Mystery,1976-09-29,978-0-307-22454-5,,
Minute quite social make.,,Fantasy,1978-09-20,978-0-87187-158-9,,No
Mean would now hand high.,Tyler Bailey,Sci-Fi,2012-11-22,978-1-84655-340-0,,Yes
Federal camera.,Kathleen Mitchell,Non-Fiction,32-13-2020,978-0-409-55117-4,,No
Seem agree woman.,Leslie Serrano,Fantasy,1972-02-04,978-0-8147-4194-8,,Yes
Poor believe kitchen yet.,Rebecca Lewis,Romance,1982-05-04,978-1-76737-346-0,,Yes
Course wife area coach effort.,Susan Greene,Sci-Fi,2009-03-21,978-1-71257-134-7,,
Actually first radio share today.,Benjamin Adams,Non-Fiction,2010-02-13,978-0-945727-70-5,anyone,
Situation air include skill same.,Melissa Aguilar,Mystery,1989-02-03,978-0-19-740552-9,,No
Next bit where pull.,Nicole Harrington,Romance,2010-10-12,978-0-238-80272-0,,No
No others worker nation.,Michelle Long,Mystery,1981-10-07,978-0-00-822360-1,,Yes
Write anyone.,James Thompson,Fantasy,2014-11-16,978-0-457-64051-6,again,No
Ground subject.,Erin Watson,Fantasy,1975-10-14,978-1-336-75856-8,,Yes
Energy join also instead.,Nathan Rodriguez,Non-Fiction,32-13-2020,978-1-236-91578-8,,Yes
Believe full box avoid.,Ariana Evans,Fantasy,1989-11-16,978-1-57367-938-1,,
Government local.,Linda Larsen,Fantasy,1989-04-11,978-0-19-982323-9,,Yes
Style professional.,Kyle Johnson,Non-Fiction,1974-07-20,978-0-86363-577-9,,
Rich authority.,Kenneth Miller,Sci-Fi,32-13-2020,978-1-294-84055-8,,No
Assume statement alone.,Melissa Casey,Romance,1988-01-22,978-1-09-376280-8,,
Military walk enough call success.,Paul Long,Fiction,1999-03-28,978-0-00-172843-1,pass,
Left Democrat people quite.,Gloria Avila,Mystery,1984-12-21,978-1-155-73886-4,,
Glass rich country.,Joseph Johnson,Non-Fiction,1989-12-25,978-0-09-484174-1,,Yes
Nature type boy identify.,Kyle Roth,Unknown,2010-09-22,978-0-12-904886-2,,
By almost similar.,,Fantasy,1997-01-23,978-0-555-01279-6,,
Last language before entire.,Chris Gomez,Fantasy,2009-11-04,978-0-282-29881-4,,No
Anything outside current woman.,Brandon Vaughn,Unknown,32-13-2020,978-1-116-11831-5,,No
Always court current.,Scott Woodard,Sci-Fi,1977-02-28,978-1-71358-794-1,,No
Project attack write end themselves.,Rhonda Horton,Fantasy,1985-08-25,978-1-357-21180-6,,
Need bed do reveal move.,Andrew Cook,Fiction,32-13-2020,978-0-8428-8258-3,item,
Administration fish tough edge.,Ms. Jacqueline Newton MD,Mystery,2008-09-15,978-1-55151-999-9,,No
Member TV without red make.,Kara Randall,Non-Fiction,1972-05-19,978-1-06-498366-9,,Yes
Do history million surface.,Julia Hunter,Mystery,1991-02-20,978-1-380-32329-3,,No
Special move teacher page.,Daniel Powell,Mystery,1984-08-04,INVALID,,
Small front security fish.,Nicole Patel,Non-Fiction,2019-05-09,978-0-7970-8687-6,general,
Try degree no admit.,Ricardo Dixon,Romance,1981-05-08,978-1-86151-433-2,,
Term more than.,Michael Martin,Fiction,1995-09-06,978-0-507-41751-8,hold,
Someone community lay value.,Nicholas Arnold MD,Sci-Fi,2021-01-27,978-1-4031-5125-4,,Yes
Travel stop style.,Tammy Mcdonald,Romance,2004-06-04,978-0-88545-379-5,size,Yes
Leave detail follow today alone.,Theresa Phillips,Mystery,2018-02-08,978-1-319-06782-3,,No
Memory room assume impact save.,Ryan Robbins,Fantasy,1991-07-08,978-1-5221-6987-1,very,Yes
Million city wall organization I.,Matthew Hart,Fantasy,2021-06-08,INVALID,,No
Official table financial central action.,Frank Bass,Romance,1971-06-17,978-0-468-35119-7,,No
Cell audience career whatever.,Jennifer Hull,Romance,1979-07-04,INVALID,physical,Yes
Radio throughout treatment.,Jeffrey Munoz,Romance,2025-05-11,978-0-9786208-0-6,,Yes
Really security heart structure.,Leslie Garner,Mystery,32-13-2020,978-0-678-35688-3,,No
Morning glass measure pressure western.,Michele Jenkins,Fantasy,2018-02-11,978-1-61187-907-0,,Yes
Hold knowledge bit.,Michele Pena,Sci-Fi,2002-06-22,978-0-7898-1302-2,somebody,
Within decision first pretty.,,Mystery,1974-07-03,978-0-7717-8291-6,,Yes
Challenge country call book.,Nicole Fisher,Fiction,1981-09-09,978-0-9905793-2-8,,No
Exactly industry light soldier.,Laura Welch,Romance,1973-05-29,978-0-9725604-5-0,,No
Nation affect increase.,James Thomas,Fantasy,1998-03-28,978-0-918658-02-9,,
Fine well help senior.,Samantha Cooper,Fiction,1999-07-11,978-1-4159-7230-4,,No
Dark popular you seek alone.,Patricia Ramirez,Fiction,1978-08-27,978-1-4487-2647-9,about,No
Bad front together agree.,Erin Simmons,Mystery,1973-04-04,978-0-8383-8332-2,,No
Best story.,Micheal Ramirez,Unknown,2006-06-08,978-1-65800-373-5,some,
Vote possible statement his company.,Stephen Scott,Mystery,2005-01-16,978-1-329-55379-8,,
President commercial assume.,Jeffrey West,Romance,1989-05-15,978-1-123-37925-9,,
True morning.,Jason Anderson,Unknown,1981-04-28,978-1-340-90568-2,,
Stay admit charge.,Justin Richardson,Romance,1977-08-28,INVALID,,
View charge cup pay.,Robert Taylor,Unknown,2004-03-22,978-1-55945-719-4,,No
Old everything state former evening.,Manuel Gilbert,Mystery,2009-11-20,978-0-339-59513-2,,No
Include response star a try.,Tiffany Bender,Fiction,32-13-2020,978-1-109-90238-9,,Yes
Mr sort scientist great design.,Brian Sanchez,Unknown,2009-09-02,978-0-08-356514-6,,Yes
Magazine radio feel air.,Christopher Valencia,Romance,1971-02-03,978-0-7066-9437-6,,No
National pay but build throughout.,Kyle Gonzales,Fantasy,1975-05-17,978-0-548-59026-3,red,Yes
Successful list police.,Danielle Evans,Romance,1973-10-10,978-0-673-77907-6,,
Message sport allow.,Larry Rodgers,Sci-Fi,1999-09-10,978-1-4688-7125-8,nature,No
,Jason Quinn,Sci-Fi,1975-07-03,INVALID,,
Season method pay.,Joshua Fowler,Non-Fiction,1976-04-10,978-1-899688-34-0,,No
Candidate lay north.,Melissa Flynn,Unknown,1972-03-06,978-1-366-06971-9,,No
Compare exactly art I green.,Tyler Dickson,Mystery,2012-08-03,978-0-7342-9921-5,,Yes
Determine campaign represent mean.,Logan Davis,Fantasy,2015-11-27,INVALID,how,
Color store.,Matthew Mccarthy,Unknown,1983-10-07,978-1-128-65410-8,,
Appear just.,Kathleen Guerrero,Romance,1984-09-24,978-1-4626-7033-8,phone,
Teacher every no.,Susan Andrade,Fiction,2022-06-02,978-1-66688-492-0,,
Under television car nature.,Jeffrey Morgan,Sci-Fi,2019-05-01,INVALID,,Yes
Language identify cup.,Ronald Ruiz,Mystery,1971-11-21,978-0-11-748138-1,,No
Feel police court.,Anthony Morse,Non-Fiction,1989-10-29,978-0-7861-5785-3,,No
Home about pretty nearly.,Nicole Young,Fantasy,1981-08-30,978-0-642-10553-0,,No
Bill others if.,Joshua Warner,Sci-Fi,1978-07-18,978-1-07-365997-5,,No
Story throughout tough.,James Nelson,Sci-Fi,1994-04-16,978-0-530-68125-2,,No
Instead little.,Kathy Roberts,Sci-Fi,2024-12-07,978-0-200-30725-3,,
Gas color ago form.,Caitlin Horn,Fantasy,32-13-2020,978-1-195-60556-0,,
Film draw go fall.,Robert Charles,Non-Fiction,2025-02-02,978-0-362-28742-4,,Yes
Character hand money without happen.,Lisa Clark,Fantasy,1988-05-22,978-0-358-13335-3,,Yes
Movie series board forward against.,Tiffany Goodwin,Mystery,2018-02-14,978-1-84804-714-3,,Yes
Tonight find spring.,Timothy Watkins,Mystery,2018-04-11,978-1-71598-181-5,,
Tree floor.,Ryan Allen,Fantasy,2013-05-05,978-0-357-92118-0,,
Adult radio much.,Philip Delgado,Sci-Fi,2012-11-18,978-1-7322642-5-0,reach,No
Truth best go newspaper.,Rachel Delacruz,Mystery,1995-01-06,978-0-201-91766-6,,
Only court once month.,Carol Smith,Romance,1997-04-11,978-1-4897-1161-8,free,
Interesting coach certain.,Shane Orozco,Fiction,2005-06-20,978-1-278-18867-6,,
Rule news someone.,Gregory Peterson,Sci-Fi,32-13-2020,978-1-971967-47-9,,Yes
Wife member value south black.,Michelle Campbell,Mystery,1981-10-24,978-0-923279-19-6,,No
Idea world product act write.,Jennifer Riley,Romance,32-13-2020,978-1-889738-06-2,,Yes
Everything building call yard.,Vanessa Clark,Fantasy,1980-12-11,978-1-5184-8842-9,house,
,Jennifer Chapman,Fiction,1985-01-05,978-0-498-69768-5,,No
Per bank certain.,Nathan Parker,Fantasy,2017-03-23,978-1-294-52456-4,,
Than big industry.,Pamela Adams,Romance,32-13-2020,978-0-18-334525-9,,No
Box more yeah party whole.,Megan Perkins,Mystery,2017-05-15,INVALID,,Yes
Oil any material.,Billy Evans,Non-Fiction,2008-11-13,INVALID,to,No
Always successful company doctor.,Brandy Chambers,Fiction,2012-10-03,978-0-04-711145-7,,Yes
Than mind process local.,Hailey Pena,Non-Fiction,2023-12-20,978-1-70972-016-1,,
Probably together.,Megan Parker,Fantasy,2021-11-08,978-0-18-525052-0,,
Test sense set dinner at.,Joshua Petty,Fantasy,2009-01-19,978-1-331-13044-4,four,
Vote whom.,Cynthia Smith,Non-Fiction,2004-09-19,978-1-83267-884-1,,
Policy size.,Kyle Bernard,Fiction,1987-03-22,978-0-18-057895-7,,Yes
Prove where still possible look.,William May,Non-Fiction,32-13-2020,978-1-75117-189-8,,No
Nation student run operation.,Christopher Jacobs,Sci-Fi,2016-11-28,978-1-266-10931-7,,
Bed week half.,Joe Sullivan,Fantasy,1972-11-22,978-0-9638248-7-5,,Yes
Hand in pretty always news.,Frank Myers,Fiction,1997-04-28,978-0-399-51929-1,order,No
Arrive population for.,Brandon Stone,Fantasy,1978-08-03,978-0-04-833739-9,,No
Maybe son throw.,Kimberly Short,Romance,2011-03-03,978-0-7007-3306-4,,Yes
Former with attorney.,Patrick Grant,Fantasy,1996-04-30,978-1-995306-33-9,,
Protect meeting.,Kevin Ochoa,Non-Fiction,1987-03-09,978-1-964237-45-9,,No
According leg.,Jason White,Fantasy,2021-03-07,978-0-87068-822-5,,Yes
,Sarah Shaw,Fiction,1974-08-21,978-0-88671-434-5,,No
Actually market son.,Brian Nichols Jr.,Mystery,1983-08-04,978-0-576-43689-2,,
Cover my sign.,Olivia Williams,Romance,2002-12-11,978-1-372-12648-2,,No
Purpose tend trade institution plant.,Taylor Stanton,Fiction,2024-06-15,978-0-11-020966-1,officer,No
Through idea age.,Barbara Leon,Mystery,2005-03-07,978-0-639-26684-8,,No
System stuff order.,Kristin Green,Sci-Fi,2008-08-01,INVALID,later,
Option food other school teach.,Tiffany Gallagher,Fantasy,2003-07-03,978-0-925230-86-7,,Yes
Society store.,Stephen Richards,Sci-Fi,2014-10-27,978-1-5152-1473-1,,Yes
Third feeling should.,Kevin Munoz,Romance,2012-09-12,978-0-16-353159-7,,No
Girl their force step.,Billy Fisher,Fiction,2000-03-25,978-0-602-99347-4,,No
Cost despite.,Jack Coleman,Fiction,1971-11-15,978-1-05-826476-7,,
Compare perhaps common impact.,Katherine Moore,Mystery,1972-11-21,978-1-06-230040-6,,No
Respond avoid former.,Kimberly Pham,Fantasy,1995-05-15,978-0-13-244667-9,,Yes
Teach including imagine yourself.,Andrew Mora,Mystery,2017-01-08,978-0-687-75105-1,,No
Huge best into.,Joy Campbell,Fiction,2005-05-01,978-0-481-84605-2,series,
Subject operation world lot.,David Barrett,Unknown,2003-01-30,978-0-9581516-8-9,,No
Just loss write.,Jose Hensley,Sci-Fi,1983-09-15,978-1-9741-1294-4,,
Song radio imagine.,Annette Kennedy,Fantasy,32-13-2020,978-1-68395-800-0,option,No
Find enough.,James Gonzalez,Fiction,2006-02-22,978-0-270-77525-9,,
Else walk yeah remain.,Melinda Ward,Sci-Fi,1994-08-26,978-0-219-16084-9,,No
Paper interest support style try.,Gregory Hill MD,Fiction,2017-05-07,978-1-04-004761-3,,No
Easy course wait.,Yolanda Wright DVM,Non-Fiction,1970-08-28,978-0-12-264561-7,,Yes
Build new use stand.,Bryan Graham,Fiction,32-13-2020,978-1-00-758603-2,,
Occur certainly.,Shelby Oconnor,Fiction,1982-07-20,978-1-83632-189-7,,Yes
Next follow field fast professor.,Samuel Barry,Fantasy,32-13-2020,978-1-86649-252-9,,
Building rest address.,Angela Gonzalez,Romance,1972-12-14,978-1-381-77278-6,art,Yes
Interview design.,Justin Blackwell,Mystery,2011-06-08,978-0-286-68035-6,,Yes
Beyond other open east.,Clifford Foster,Sci-Fi,32-13-2020,978-0-339-98297-0,,Yes
Put seem arm.,Kelsey Smith,Mystery,1980-02-19,978-0-11-202914-4,,
Left true professor.,Eric Boyd,Non-Fiction,2024-10-19,978-0-301-52730-7,,
Improve significant identify.,Danielle Moore,Romance,1988-03-23,978-0-16-247999-9,,
Task hotel admit.,Curtis Garcia,Sci-Fi,2009-06-15,INVALID,,Yes
Country red.,Haley Arnold,Romance,2012-04-25,978-1-81441-247-0,,No
Really grow discuss.,Tiffany Harris,Mystery,1999-05-22,978-0-560-38361-4,,
Big evening sometimes.,Timothy Wood,Fantasy,2019-09-05,978-0-9785664-1-8,physical,Yes
Campaign ask never.,Taylor Frost,Non-Fiction,1979-03-18,978-0-02-404137-1,,Yes
Nothing instead under tree.,Dylan Ross,Mystery,2021-01-28,978-0-616-36852-7,,No
Able state reveal.,Bob Lynch,Sci-Fi,2000-12-14,978-0-598-64807-5,enjoy,No
Score trip result instead parent.,Heather Aguilar,Sci-Fi,2024-11-19,978-1-333-86468-2,,No
Early bank structure then.,Mrs. Michelle Johnson,Sci-Fi,32-13-2020,INVALID,,Yes
Sell generation me speech.,Brian Rogers,Mystery,1999-02-15,978-1-04-448939-6,,Yes
Give get mention offer.,Sean Davis,Fiction,1986-10-21,978-0-575-60536-7,,Yes
Service talk street.,Timothy Navarro,Sci-Fi,2012-08-05,978-1-948455-93-0,,
Cost third finish certain.,Corey Graham,Non-Fiction,2010-02-19,978-0-215-91000-4,,Yes
Base eight avoid.,Gregory Calhoun,Mystery,2023-03-27,978-0-85838-483-5,,No
Realize cover station.,Courtney Carter,Romance,1970-07-12,978-1-171-58385-1,president,
Town over apply power.,Becky Johnson,Non-Fiction,1971-03-07,978-1-9779-2675-3,,No
Author would college.,Tina Scott,Fiction,32-13-2020,978-0-295-80660-0,,No
Mother soldier themselves interest professor.,Stanley Lawrence,Unknown,32-13-2020,978-0-445-35047-2,,No
Consider major weight new.,Rebecca Mason,Fantasy,1990-02-06,978-0-7624-9839-0,her,Yes
Staff dinner six air create.,Gina Melendez,Romance,2024-06-17,978-0-17-124638-4,,
Prove could official.,Shirley Weaver,Fantasy,1977-07-05,978-1-353-39348-3,,Yes
Usually institution.,Jonathan White,Unknown,32-13-2020,INVALID,,
Ready group.,Zachary Christensen,Mystery,1983-05-17,978-0-85400-566-6,,
Clear yet government.,Matthew Chen,Mystery,1985-05-25,978-1-69172-679-0,,No
Consumer center painting together.,Derrick Thomas,Fiction,2018-09-16,978-1-74816-732-3,knowledge,Yes
Glass dream adult middle.,Jose Carroll,Non-Fiction,1992-06-10,978-0-250-15672-6,,
Election employee hit machine.,Patrick Lloyd,Non-Fiction,32-13-2020,978-0-496-84018-2,,
Wife computer.,Anthony Harris,Mystery,1980-12-07,978-1-57469-488-8,,No
Eight program.,Christopher Roach,Fiction,1981-05-09,978-1-70651-786-3,,
His that your sing local.,Anthony Owens,Sci-Fi,2021-01-22,978-0-905582-03-0,,
Focus direction peace.,Christopher Walker,Fantasy,1999-10-05,978-1-06-624796-7,outside,No
,Ryan Smith,Mystery,2007-11-02,978-1-04-290399-3,,No
Land store agency practice what.,Cameron Williams,Non-Fiction,1977-02-20,978-0-331-31993-4,,No
Imagine later maybe able hair.,Tiffany Wagner,Sci-Fi,1981-01-05,978-1-86696-531-3,,No
Low eye add heavy through.,Steven Griffin,Fantasy,1974-02-13,INVALID,,No
Team after actually.,Sarah Burnett,Unknown,1980-01-04,978-0-286-42071-6,,No
Someone customer author.,Joseph Ingram,Mystery,1982-02-22,978-1-156-60142-6,,
Manager wide.,Kristopher Lopez,Fiction,2013-06-13,978-0-7142-8453-8,,No
Mean court.,William Ford,Fiction,2011-11-06,978-0-915374-19-9,,Yes
,,Sci-Fi,1971-01-27,978-0-285-54244-0,,Yes
Especially no environment.,Kayla Mcdonald,Romance,32-13-2020,978-1-01-797784-4,future,No
Center short move company whose.,Kimberly Carlson,Non-Fiction,1996-05-27,978-0-211-01915-2,left,No
Visit know gun.,John Butler,Fiction,2022-09-27,978-0-438-52741-6,,Yes
So matter interview spend art.,Thomas Jones,Sci-Fi,2018-03-11,978-1-83492-269-0,,No
Soldier democratic.,Connie Palmer,Romance,32-13-2020,978-1-5367-9947-7,,Yes
Measure technology police business.,Caleb Daniels,Romance,2022-06-14,978-0-418-60956-9,,
Clear energy.,James Crawford,Romance,2013-03-16,INVALID,,
Control part player.,Jordan Patel,Sci-Fi,32-13-2020,978-1-328-71589-0,,No
Song although buy effort.,Ethan Huynh,Fiction,32-13-2020,978-0-03-070258-7,,No
Choose performance.,Leon Mckay,Sci-Fi,2000-05-18,978-1-286-17513-2,produce,Yes
Thousand since around.,Anthony Golden,Non-Fiction,1984-03-24,978-0-656-48102-6,,Yes
,Jessica Campbell,Non-Fiction,2022-01-12,978-1-249-93575-9,,Yes
Example race green south.,William Wilson,Non-Fiction,1980-12-29,978-0-572-31959-5,eat,No
Their soon likely recognize.,James Horton,Fantasy,1980-11-12,978-0-01-602766-6,,Yes
Soon how power better.,Sheena Peters,Fantasy,1995-09-27,978-1-4996-3594-2,,No
Pm government each join.,Allison Morales,Fiction,2017-10-23,978-0-89223-072-3,,
Weight enter meeting enter act.,Kimberly Barron,Non-Fiction,32-13-2020,978-1-221-20457-6,,Yes
Rather throughout responsibility data.,Matthew Hill,Mystery,2011-09-24,978-0-375-55026-3,level,No
Interesting between.,Christopher Harvey,Mystery,2013-06-03,978-0-305-94848-1,,
Truth opportunity skin product.,Timothy Watson MD,Non-Fiction,1970-08-02,978-1-313-47662-1,,Yes
A if.,Christopher Alvarez,Non-Fiction,2009-07-06,978-1-144-38032-6,,Yes
Human lawyer enough similar question.,Megan Smith,Fantasy,1979-03-23,978-1-878320-26-1,,No
No control program.,Elizabeth Elliott,Non-Fiction,2013-03-15,978-1-5012-8308-6,enter,No
Drug Congress opportunity economy hair.,Wesley Maddox,Mystery,2006-11-09,978-0-7775-7371-6,,Yes
Me feeling trade.,Gregory Wright,Fiction,1992-01-13,978-0-9699020-8-9,,No
Myself after on into.,Elizabeth Mcmahon,Mystery,1999-07-30,978-1-4978-8191-4,special,Yes
Big medical.,Jamie Moody,Romance,2012-07-30,978-0-670-32245-9,Congress,No
Class join cause.,Joshua Andrews,Fantasy,2023-10-29,978-0-204-30961-1,,
She attack season similar.,Christopher Schmitt,Sci-Fi,2003-09-20,978-0-7749-1316-4,,No
Suffer experience shoulder this.,Janet Spears,Non-Fiction,1998-09-27,978-1-60761-500-2,for,No
Doctor store recent hair star.,Kendra Roberts,Mystery,2024-10-09,978-0-479-92144-0,,
Wait arm trade threat.,Gregory Hardin,Romance,1976-07-25,978-0-04-307583-8,,Yes
Measure wife research turn.,Brendan Schwartz,Sci-Fi,2022-01-31,978-1-111-08969-6,produce,No
Professor face bar argue always.,Valerie Hudson,Non-Fiction,1985-06-08,978-1-75927-672-4,side,No
,Jennifer Valencia,Fantasy,2003-06-27,978-1-318-95749-1,,Yes
Drug conference series effect.,Thomas Suarez,Romance,1976-01-17,978-0-7885-8164-9,,No
Nature section data above.,Andrea Copeland,Fiction,1999-01-07,978-0-376-28546-1,,
,Sarah Sherman,Mystery,1998-09-19,INVALID,,Yes
Tax space half majority.,Mark Barrett,Fantasy,1975-11-25,978-1-127-53210-0,,Yes
Consumer give statement person.,Adam Butler,Sci-Fi,2011-11-15,978-1-932148-90-9,,Yes
Window begin explain receive beat.,Jim Hicks,Non-Fiction,1992-07-15,978-0-04-485934-5,evening,No
Window front mouth.,Scott Bennett,Mystery,1986-07-09,978-0-8387-7053-5,continue,Yes
Top increase.,,Non-Fiction,2022-12-13,978-0-454-87439-6,,
Single drug they serious show.,Austin Elliott III,Romance,2006-01-31,978-1-153-67414-0,,Yes
Weight really national.,Rodney Cunningham,Sci-Fi,1997-01-26,978-1-59775-444-6,how,No
Record attorney of rock.,Leroy Meyer,Fiction,1995-09-24,978-1-942019-04-6,ok,Yes
Have cold shoulder.,Kristin Anderson,Fantasy,1981-07-05,978-1-07-207996-5,,
Term international.,William Jackson,Romance,1977-02-16,978-1-09-880556-2,,
Protect entire loss.,Anna Adams,Mystery,2008-07-03,978-1-79723-811-1,recognize,
Respond decade.,David Taylor,Fiction,1998-02-22,978-0-9889066-0-0,,No
Boy check learn.,Paul Williams,Mystery,1982-10-21,978-1-59067-461-1,,Yes
Actually something.,Jason Delgado,Mystery,2006-07-05,INVALID,,Yes
Also thing deep my.,Donald Boyer,Non-Fiction,2016-11-14,978-1-4015-5828-4,suffer,No
Example policy figure break.,Brittany Howard,Fantasy,1999-06-30,978-0-334-00889-7,,Yes
Individual sister several talk.,Charles Collins,Mystery,1995-09-06,978-1-301-50680-4,,
Term would into question.,Ashley Norton,Romance,1980-11-08,978-0-381-61798-1,them,Yes
Say like thousand customer grow.,Cole Howard,Mystery,1970-06-23,978-0-272-91546-2,,No
,Michael Huff,Fiction,1986-12-29,978-1-05-669466-5,,No
Situation much car.,Alexander Ruiz,Mystery,1980-08-08,978-1-970272-28-4,,Yes
Structure able administration item.,Donald Moore,Unknown,1988-02-29,978-1-935238-58-4,,No
Hard thought wind.,Joseph Stewart,Non-Fiction,1988-01-19,978-1-105-60257-3,,Yes
Scene store only.,Rose Trevino,Mystery,1995-09-25,978-1-257-25797-3,,No
Accept throw foot successful.,Spencer Robles,Non-Fiction,1973-05-16,978-0-350-76070-0,,No
Ball body hand seven.,Wesley Obrien,Mystery,1971-03-15,978-0-227-63254-3,,Yes
Along medical coach.,Karen Ross,Romance,2025-02-12,978-0-87477-600-3,,
Degree peace scientist.,Danielle Soto,Fiction,1991-08-20,978-1-323-47856-1,,
,Tammy Robles,Fantasy,1987-07-01,978-0-07-833135-0,,No
Hot shake blue.,Anna Kramer,Non-Fiction,1973-09-07,978-0-13-485538-7,,No
Property story national.,Mary Patel,Romance,1990-06-05,978-0-8123-6563-4,,
Make whom production.,Mr. Jonathan Mcgrath DDS,Romance,1984-06-16,978-0-7271-4771-4,,Yes
Fill seven feeling movie.,Tracey Hale,Fantasy,1992-11-14,978-1-69898-695-1,security,Yes
Federal visit.,Marcus Frank,Fantasy,2005-01-15,978-0-221-38268-0,,No
Radio already choose.,Daniel Fuentes,Romance,1978-10-15,978-1-302-43655-1,,Yes
Quality somebody school.,Adam Morgan,Fantasy,32-13-2020,978-0-378-75660-0,among,No
Issue pressure note doctor risk.,Jonathan Roach,Fantasy,2016-10-24,978-0-6483711-9-9,,
Store provide.,Michael Short,Fantasy,1984-11-30,978-1-113-44786-9,,Yes
Similar fear throw daughter.,Randy Bell,Romance,2008-09-09,978-0-910031-52-3,,
Short yet approach.,Shane Allen,Romance,1995-05-22,INVALID,,Yes
Particular sometimes investment everyone.,Kenneth Jones,Mystery,1999-05-16,INVALID,,Yes
Decision any probably camera.,Pamela Holland,Romance,2000-12-23,978-0-592-61237-9,,
President stage story lay detail.,Jeremiah Thomas,Mystery,1977-02-23,978-0-16-002174-9,,Yes
Set international.,Dr. Susan Ho,Fiction,32-13-2020,978-1-58741-356-8,,Yes
,Dillon Freeman,Fiction,2020-01-21,978-0-908030-15-6,,
Job rather there top once.,Nicholas Kelly,Sci-Fi,2003-08-14,978-1-942229-81-0,,
Everything mouth firm let.,Janet Rivera,Fiction,1999-03-27,978-1-76091-796-8,,Yes
Operation teach else human.,John Robinson,Unknown,1999-02-25,978-0-01-382865-5,,
Thousand knowledge meet.,Cynthia Jenkins,Fantasy,1976-06-01,978-0-88541-194-8,,No
Indicate say win Mr.,Anna Curtis,Fantasy,2004-07-14,978-0-02-365855-6,,Yes
Ok personal four.,Brenda Robinson,Sci-Fi,2001-06-12,978-0-351-60273-3,,
Hope that stop.,Christopher Gray,Fiction,1972-12-30,978-1-67617-544-5,,Yes
College section but.,Terry Johnson,Fantasy,1980-12-21,978-1-890109-90-5,,Yes
Southern ok.,Johnathan Harris,Sci-Fi,2003-12-15,978-0-11-530334-0,,No
Them skill and sure same.,Carla Rivera,Unknown,2021-04-20,978-0-596-86204-6,,
Well after.,Christopher Yates,Mystery,2021-08-01,978-0-17-062395-7,,
Task fear less.,Larry Thomas,Romance,1973-06-24,978-0-10-759138-0,news,No
Nature song group include.,Sheila Garner,Fiction,2023-12-01,978-0-9726129-8-2,,
,Kevin Jones,Non-Fiction,1991-05-11,978-1-918133-74-5,,Yes
Around I.,Jacqueline Anderson,Sci-Fi,2010-03-08,978-0-7862-6655-5,,
Yourself out red first talk.,Michael Weaver,Mystery,32-13-2020,978-0-253-51606-0,,No
Tell because area south cost.,Joseph Moran,Sci-Fi,1989-08-16,978-0-00-331296-6,energy,
For protect recent.,Elizabeth Floyd,Fantasy,1972-09-18,978-1-03-868545-2,,No
Congress thing inside home.,Jessica Henry,Mystery,1983-02-27,978-1-84526-298-3,according,No
Area while.,Michelle Kelley,Mystery,2005-05-06,978-0-238-49742-1,research,No
Chance address early.,Dominique Stephenson,Sci-Fi,2016-04-02,978-0-7493-6941-5,,
Their another.,Nathan Santos,Non-Fiction,2024-09-17,978-1-379-07802-9,,No
Treat set movie wrong bill.,Shawn Morales,Non-Fiction,1971-11-22,978-0-412-10726-9,,No
,Pamela Phillips,Fantasy,1999-12-13,978-0-699-85016-2,wonder,
Wish audience writer past risk.,Daniel Williams,Romance,2025-06-02,978-1-5394-2223-5,,Yes
Strategy kind in face bill.,Christopher Johnson,Fantasy,2005-11-21,978-1-62204-728-4,,
Hotel consumer positive trial the.,Brent Gibson,Sci-Fi,32-13-2020,978-1-03-862437-6,,Yes
Change system serious.,Richard Hernandez,Non-Fiction,2011-11-02,978-0-9597186-3-8,coach,Yes
Where they again.,Rebecca Green,Fantasy,1995-01-07,978-0-511-52889-7,choose,Yes
Fact behind long building really.,Brianna Smith,Fiction,1972-07-01,978-0-630-48276-6,information,Yes
Three usually year national personal.,Shannon Herring,Mystery,2011-12-07,978-1-325-50349-0,,No
I dog field.,Christopher Walker,Non-Fiction,1992-10-22,978-1-09-096951-4,,No
About executive population book.,Michael Black,Mystery,2012-12-12,978-0-05-551189-8,three,Yes
Wind account.,Terry Fischer,Sci-Fi,1975-11-19,978-1-899578-75-7,loss,Yes
Sell picture.,Kevin Donaldson,Romance,1998-02-13,978-1-959970-35-4,,No
Establish other manager.,Heather Robbins,Mystery,1980-07-26,978-1-4924-8962-7,,
Notice group into song.,,Romance,1973-12-08,978-0-678-96596-2,,No
Decision research student model.,Jordan Vega,Fantasy,1982-02-18,978-1-4957-4845-5,,No
Smile floor building pressure act.,Francisco Thomas,Mystery,1995-03-15,978-0-635-37970-2,,
Nice evening spring rather choose.,Leslie Johnson,Non-Fiction,2008-10-06,978-1-83035-942-1,,
Public thought truth seek food.,Shannon Holloway,Fiction,1977-09-22,INVALID,continue,
Simple need culture.,Katherine Powell,Romance,1970-11-24,978-1-5309-2635-0,,Yes
Federal structure mean sure.,Scott Hale,Sci-Fi,1981-05-25,978-1-4234-6808-0,,
Avoid early.,Sydney Cooper,Sci-Fi,2002-05-29,978-0-7357-0341-4,,Yes
Sing chance plant.,Monica Watson,Mystery,2009-02-05,978-0-516-02318-2,,
Develop business wife.,Javier Porter,Sci-Fi,1972-08-05,978-1-912243-57-0,economic,
Arm report indeed during tend.,Amber Randall,Mystery,1991-01-02,978-0-8460-8463-1,,No
Prove century trade.,Matthew Hodge,Non-Fiction,32-13-2020,978-1-871442-45-8,,
Chair per fine child.,George Williams,Sci-Fi,1999-11-21,978-0-19-862179-9,,No
Yes TV.,Jodi Yates,Fantasy,2016-02-21,INVALID,,
See live.,Kelly Reed,Fantasy,1972-08-13,978-0-290-66124-2,physical,No
Those tax old.,Mark Avila,Non-Fiction,32-13-2020,978-0-07-868137-0,cause,
Story fight.,Theresa Henderson,Romance,1992-11-02,978-1-361-45914-0,,
Where off.,Richard Wilkerson,Mystery,32-13-2020,978-1-77245-609-7,,
Begin exist his order task.,John Lucero,Non-Fiction,2018-08-05,978-0-8029-3143-6,,
,Kristi Powers,Non-Fiction,2000-08-09,978-0-268-13939-1,,
There east instead page.,Joshua Gill,Non-Fiction,2011-09-26,978-1-82477-031-7,,
Assume scientist full direction ask.,Ariel Marquez,Sci-Fi,2022-12-19,978-0-621-42124-8,,
Receive technology read work.,Melissa Hicks,Non-Fiction,2008-08-30,978-0-88745-195-9,there,
Might arrive.,Pamela Carr,Fiction,2010-07-24,978-0-7972-1565-8,tough,Yes
News yes several four.,Charles Rogers,Non-Fiction,1976-02-05,978-0-9528086-2-6,,
Food born early.,Keith Wade,Fiction,1984-11-17,978-0-7314-6068-7,than,Yes
Answer executive.,John Hendricks,Fantasy,2006-02-06,978-1-161-04825-4,,Yes
Member quickly.,Lisa King MD,Romance,2005-10-24,978-0-509-26205-5,,No
Wear draw might agree security.,Rachel Medina,Fantasy,2009-02-02,978-1-939065-45-2,,
Really authority produce person her.,Brett Diaz,Non-Fiction,1996-02-01,978-0-10-217560-8,,Yes
It work understand send.,Raymond Watson,Unknown,1988-12-30,978-0-354-86964-5,,Yes
Worker call section.,Lori Jones DVM,Romance,2007-06-19,978-1-141-51859-3,,Yes
Tax nice push.,Melissa Martin,Romance,1996-07-27,978-1-193-33333-5,pass,
Choose consider eat treat.,Derrick Arias MD,Mystery,2012-02-08,978-0-12-320639-8,,
Bill example structure yes.,Jonathan Kelly,Fiction,1992-08-30,INVALID,step,
Perhaps resource check next.,David Jennings,Fiction,1976-12-14,978-1-68292-417-4,,
Set someone human.,James Lucero,Unknown,1999-03-23,978-0-89511-829-5,,No
No factor toward fall.,Julie Stephenson,Non-Fiction,1977-12-23,978-1-275-94517-3,,No
Beyond process news fire.,Robert Williams,Romance,1996-03-02,978-1-4395-9079-9,,
Positive also.,Joseph Adkins,Fantasy,2016-10-03,978-0-06-514264-8,,Yes
Health particular write community until.,Kevin Johnson,Mystery,2001-12-27,978-1-06-375425-3,effect,Yes
Turn necessary paper.,Mary Madden,Sci-Fi,1975-06-03,978-0-2285-0896-0,,
Off bed.,Amanda Parker,Romance,2011-07-08,978-0-333-34268-8,with,Yes
Son range never.,Dr. Robert Gallegos,Sci-Fi,2019-09-13,978-1-921561-44-3,,Yes
Our teacher organization.,Amy Clements,Sci-Fi,1982-11-03,978-0-940730-04-5,,No
Course affect method.,Dawn Harvey,Romance,2016-05-12,978-0-03-113066-2,,No
Religious guess fear.,Chris Turner,Sci-Fi,2023-07-08,978-0-7063-1849-4,,
Whether sometimes professor detail.,Amy Bailey,Fiction,2015-11-03,978-1-132-33173-6,,
Mouth author your stop.,Nicole Woodard,Non-Fiction,1983-01-26,978-1-267-73722-9,,
,Billy Moran,Mystery,1991-07-28,978-0-391-23815-2,technology,No
My open call democratic might.,Joseph Hunt,Fiction,2008-02-14,978-1-154-27338-0,,No
Discussion discover prepare political.,Travis Perez,Romance,1994-09-15,978-1-4272-7904-0,old,No
Decade war between.,Elizabeth Miller,Fiction,1979-09-01,978-0-8253-3455-9,nice,No
Piece leader summer.,Brian Castillo,Fiction,1991-01-31,978-1-961133-17-4,,No
Soon choice three say recent.,Cynthia Patterson,Fiction,2010-03-05,978-0-9521168-5-1,themselves,Yes
Pay share most must.,Cory Gonzales,Sci-Fi,2023-01-13,978-1-877550-02-7,,
Growth phone standard.,Lindsey Gutierrez,Fiction,2018-12-27,978-1-163-64546-8,,
Although in community.,Elizabeth Burns,Sci-Fi,32-13-2020,978-0-916241-84-1,,Yes
Easy good husband.,Elizabeth Mendoza,Romance,2010-06-14,978-0-358-74271-5,,Yes
Box environment huge issue debate.,Ryan Nguyen,Fiction,2004-12-05,978-1-69693-525-8,,No
On listen.,Krystal Johnson,Fantasy,1994-06-03,978-1-934376-74-4,,Yes
My certainly benefit.,Bobby Rodriguez,Non-Fiction,2024-03-25,978-1-71115-011-6,,Yes
Order vote five for.,Mary Giles,Fantasy,2001-02-03,978-1-78550-055-8,,
Drive treatment.,James Figueroa,Mystery,2002-12-24,978-1-189-19074-4,,No
Whose ground performance.,Thomas Salazar,Fantasy,32-13-2020,978-0-7934-9713-3,,Yes
Employee media.,Ashlee Henderson,Sci-Fi,1977-01-05,978-0-450-44968-0,,No
Protect run sea picture picture.,Mary Ryan,Sci-Fi,2003-04-11,978-0-02-885724-4,,No
Democratic create.,Andrew Harding,Fantasy,2013-09-26,INVALID,,
Thought ability truth.,Angela Diaz,Non-Fiction,2013-08-23,978-0-690-74886-4,such,Yes
Lay maybe.,Rose Christian,Fiction,1979-01-15,978-0-539-19120-2,,Yes
Box professional down society.,Mark Hart,Non-Fiction,2015-10-17,978-1-76495-295-8,wait,
Cell movement tend senior.,Patricia Burns,Non-Fiction,2018-07-11,978-1-115-38002-7,,No
Game walk until.,Melissa Kim,Romance,32-13-2020,978-1-929871-63-6,,Yes
Way foot mind policy.,Jessica Le,Sci-Fi,1981-05-05,978-0-335-46658-0,,No
Anyone himself kid action camera.,Richard Patel,Romance,1997-10-08,978-1-883926-35-9,,
Position adult pay create.,Danielle Knight,Fantasy,1982-08-30,978-0-89297-695-9,,
Pass region imagine garden.,Robert Davis,Fiction,2001-09-20,978-0-06-187761-2,,Yes
Purpose tend trade institution plant.,Taylor Stanton,Fiction,2024-06-15,978-0-11-020966-1,officer,No
Option food other school teach.,Tiffany Gallagher,Fantasy,2003-07-03,978-0-925230-86-7,,Yes
Cell audience career whatever.,Jennifer Hull,Romance,1979-07-04,INVALID,physical,Yes
Skill occur.,Raymond Hernandez,Romance,1994-08-03,INVALID,,Yes
Old everything state former evening.,Manuel Gilbert,Mystery,2009-11-20,978-0-339-59513-2,,No
Situation air include skill same.,Melissa Aguilar,Mystery,1989-02-03,978-0-19-740552-9,,No
Action western take.,Robert White,Sci-Fi,2018-09-03,978-0-08-835269-7,,Yes
Individual sister several talk.,Charles Collins,Mystery,1995-09-06,978-1-301-50680-4,,
Tend visit picture should.,Ronnie Banks,Non-Fiction,2009-04-02,978-0-9634560-9-0,,No
Clear energy.,James Crawford,Romance,2013-03-16,INVALID,,
Want old game.,Amy Simpson,Sci-Fi,2010-01-26,978-0-7890-1607-2,,No
Assume statement alone.,Melissa Casey,Romance,1988-01-22,978-1-09-376280-8,,
,Billy Moran,Mystery,1991-07-28,978-0-391-23815-2,technology,No
See live.,Kelly Reed,Fantasy,1972-08-13,978-0-290-66124-2,physical,No
Task fear less.,Larry Thomas,Romance,1973-06-24,978-0-10-759138-0,news,No
Mother young.,Thomas Taylor,Fiction,1982-06-22,978-1-114-79993-6,,No
Particular sometimes investment everyone.,Kenneth Jones,Mystery,1999-05-16,INVALID,,Yes
Beyond other open east.,Clifford Foster,Sci-Fi,32-13-2020,978-0-339-98297-0,,Yes
Western condition.,Chad Hill,Fiction,1983-10-17,978-1-371-25885-6,,No
Fish local likely always think.,Diana Hernandez,Fantasy,1991-02-21,978-0-7871-8159-8,,No
Third word.,Darin Palmer,Fantasy,1986-02-05,INVALID,,No
Various produce candidate soldier.,Austin Wallace,Sci-Fi,1989-05-14,978-0-558-45987-1,,Yes
Arm statement building than trip.,Steve Russell,Fantasy,1981-07-25,978-0-665-35007-8,,
Level focus.,Kimberly Hickman,Romance,1983-11-12,978-0-261-41129-6,,
Some north skill parent help.,Casey Long,Fantasy,1990-02-16,978-1-69023-289-6,cell,No
Discover record hair them.,Sharon Church,Fantasy,1987-10-02,978-0-8276-4027-6,message,No
Order vote five for.,Mary Giles,Fantasy,2001-02-03,978-1-78550-055-8,,
Around I.,Jacqueline Anderson,Sci-Fi,2010-03-08,978-0-7862-6655-5,,
Might arrive.,Pamela Carr,Fiction,2010-07-24,978-0-7972-1565-8,tough,Yes
Me buy strong.,Tiffany Murray,Fiction,2007-04-06,978-0-366-09163-8,,
Paper list doctor age civil.,Samantha Wilson,Romance,2020-03-25,978-0-906971-60-4,case,
Federal camera.,Kathleen Mitchell,Non-Fiction,32-13-2020,978-0-409-55117-4,,No
Lay letter term.,Jeremy Gonzalez,Non-Fiction,32-13-2020,978-1-124-55074-9,,No
Data boy hold.,Jeremy Peters,Non-Fiction,2011-03-02,978-1-206-70089-5,,Yes
Really they heavy stay.,Wendy Williams,Fiction,32-13-2020,978-1-972669-36-5,early,
Candidate lay north.,Melissa Flynn,Unknown,1972-03-06,978-1-366-06971-9,,No
Letter boy themselves.,Kayla Fisher,Romance,2021-05-03,978-1-291-47453-4,,Yes
,Kevin Jones,Non-Fiction,1991-05-11,978-1-918133-74-5,,Yes
Discuss win.,Sara Nelson,Mystery,2016-09-29,978-0-09-848788-4,,Yes
Teacher go respond.,Erin Thomas,Fantasy,2012-04-29,978-0-15-833111-9,cut,No
Two marriage top several store.,James Woods,Sci-Fi,2000-06-12,978-1-7380382-9-9,,No
,Jennifer Washington,Fantasy,2020-10-16,978-0-01-127417-1,front,Yes
My open call democratic might.,Joseph Hunt,Fiction,2008-02-14,978-1-154-27338-0,,No
Since provide.,Lori Turner,Romance,1989-08-25,978-0-663-46836-2,,Yes
You senior.,Barbara Chapman,Non-Fiction,1993-04-19,978-1-216-75175-7,year,
Notice group into song.,,Romance,1973-12-08,978-0-678-96596-2,,No
Use resource.,James Patel,Fantasy,1988-02-15,978-0-7501-8155-6,throw,Yes
Leg control physical no market.,Paul Barber,Unknown,1981-09-24,978-0-632-94275-6,,Yes
Measure wife research turn.,Brendan Schwartz,Sci-Fi,2022-01-31,978-1-111-08969-6,produce,No
